Ranking,University Name,Country,Global research reputation,Regional research reputation,Publications,Books,Conferences,Normalized citation impact,Total citations,Score,Free
1,哈佛大学Harvard University,United States,1.0,5.0,1.0,3.0,112.0,14.0,1.0,100.0,免费评估
2,麻省理工学院Massachusetts Institute of Technology,United States,1.0,5.0,1.0,3.0,112.0,14.0,1.0,100.0,免费评估
3,斯坦福大学Stanford University,United States,1.0,5.0,1.0,3.0,112.0,14.0,1.0,100.0,免费评估
4,University of California--Berkeley,United States,1.0,5.0,1.0,3.0,112.0,14.0,1.0,100.0,免费评估
5,加利福尼亚理工学院California Institute of Technology,United States,1.0,5.0,1.0,3.0,112.0,14.0,1.0,100.0,免费评估
6,牛津大学University of Oxford,United Kingdom,1.0,5.0,1.0,3.0,112.0,14.0,1.0,100.0,免费评估
7,剑桥大学University of Cambridge,United Kingdom,1.0,5.0,1.0,3.0,112.0,14.0,1.0,100.0,免费评估
8,普林斯顿大学Princeton University,United States,1.0,5.0,1.0,3.0,112.0,14.0,1.0,100.0,免费评估
9,哥伦比亚大学Columbia University,United States,1.0,5.0,1.0,3.0,112.0,14.0,1.0,100.0,免费评估
10,University of California--Los Angeles,United States,1.0,5.0,1.0,3.0,112.0,14.0,1.0,100.0,免费评估
11,约翰霍普金斯大学Johns Hopkins University,United States,17.0,43.0,6.0,48.0,136.0,31.0,5.0,85.4,免费评估
11,"西雅图华盛顿大学University of Washington,Seattle Campus",United States,17.0,43.0,6.0,48.0,136.0,31.0,5.0,85.4,免费评估
13,芝加哥大学The University of Chicago,United States,17.0,43.0,6.0,48.0,136.0,31.0,5.0,85.4,免费评估
14,耶鲁大学Yale University,United States,17.0,43.0,6.0,48.0,136.0,31.0,5.0,85.4,免费评估
15,University of California--San Diego,United States,17.0,43.0,6.0,48.0,136.0,31.0,5.0,85.4,免费评估
16,旧金山大学University of San Francisco,United States,17.0,43.0,6.0,48.0,136.0,31.0,5.0,85.4,免费评估
17,University of Michigan--Ann Arbor,United States,17.0,43.0,6.0,48.0,136.0,31.0,5.0,85.4,免费评估
17,宾夕法尼亚大学University of Pennsylvania,United States,17.0,43.0,6.0,48.0,136.0,31.0,5.0,85.4,免费评估
19,杜克大学Duke University,United States,17.0,43.0,6.0,48.0,136.0,31.0,5.0,85.4,免费评估
19,帝国理工学院Imperial College London,United Kingdom,17.0,43.0,6.0,48.0,136.0,31.0,5.0,85.4,免费评估
21,多伦多大学University of Toronto,Canada,20.0,62.0,2.0,14.0,68.0,119.0,2.0,82.0,免费评估
22,康奈尔大学Cornell University,United States,20.0,62.0,2.0,14.0,68.0,119.0,2.0,82.0,免费评估
23,伦敦大学学院University College London,United Kingdom,20.0,62.0,2.0,14.0,68.0,119.0,2.0,82.0,免费评估
24,University of California--Santa Barbara,United States,20.0,62.0,2.0,14.0,68.0,119.0,2.0,82.0,免费评估
25,西北大学Northwestern University,United States,20.0,62.0,2.0,14.0,68.0,119.0,2.0,82.0,免费评估
26,圣路易斯华盛顿大学Washington University in St Louis,United States,20.0,62.0,2.0,14.0,68.0,119.0,2.0,82.0,免费评估
27,纽约大学New York University,United States,20.0,62.0,2.0,14.0,68.0,119.0,2.0,82.0,免费评估
27,University of California--Santa Cruz,United States,20.0,62.0,2.0,14.0,68.0,119.0,2.0,82.0,免费评估
29,University of Wisconsin--Madison,United States,20.0,62.0,2.0,14.0,68.0,119.0,2.0,82.0,免费评估
30,University of Texas--Austin,United States,20.0,62.0,2.0,14.0,68.0,119.0,2.0,82.0,免费评估
31,英属哥伦比亚大学University of British Columbia,Canada,35.0,114.0,20.0,30.0,98.0,94.0,22.0,78.0,免费评估
32,波士顿大学Boston University,United States,35.0,114.0,20.0,30.0,98.0,94.0,22.0,78.0,免费评估
32,University of Colorado--Boulder,United States,35.0,114.0,20.0,30.0,98.0,94.0,22.0,78.0,免费评估
32,University of North Carolina--Chapel Hill,United States,35.0,114.0,20.0,30.0,98.0,94.0,22.0,78.0,免费评估
35,Swiss Federal Institute of Technology Zurich,Switzerland,35.0,114.0,20.0,30.0,98.0,94.0,22.0,78.0,免费评估
36,爱丁堡大学The University of Edinburgh,United Kingdom,35.0,114.0,20.0,30.0,98.0,94.0,22.0,78.0,免费评估
36,墨尔本大学The University of Melbourne,Australia,35.0,114.0,20.0,30.0,98.0,94.0,22.0,78.0,免费评估
38,University of Minnesota--Twin Cities,United States,35.0,114.0,20.0,30.0,98.0,94.0,22.0,78.0,免费评估
39,Rockefeller University,United States,35.0,114.0,20.0,30.0,98.0,94.0,22.0,78.0,免费评估
40,École Polytechnique Federale of Lausanne,Switzerland,35.0,114.0,20.0,30.0,98.0,94.0,22.0,78.0,免费评估
40,University of Maryland--College Park,United States,84.0,143.0,88.0,67.0,83.0,56.0,70.0,76.1,免费评估
42,University of California--Davis,United States,84.0,143.0,88.0,67.0,83.0,56.0,70.0,76.1,免费评估
43,Ohio State University--Columbus,United States,84.0,143.0,88.0,67.0,83.0,56.0,70.0,76.1,免费评估
44,University of Tokyo,Japan,84.0,143.0,88.0,67.0,83.0,56.0,70.0,76.1,免费评估
45,伦敦大学国王学院King's College London,United Kingdom,84.0,143.0,88.0,67.0,83.0,56.0,70.0,76.1,免费评估
45,悉尼大学The University of Sydney,Australia,84.0,143.0,88.0,67.0,83.0,56.0,70.0,76.1,免费评估
47,伊利诺伊大学香槟分校University of Illinois at Urbana-Champaign,United States,84.0,143.0,88.0,67.0,83.0,56.0,70.0,76.1,免费评估
47,匹兹堡大学University of Pittsburgh-Pittsburgh Campus,United States,84.0,143.0,88.0,67.0,83.0,56.0,70.0,76.1,免费评估
49,University of Copenhagen,Denmark,84.0,143.0,88.0,67.0,83.0,56.0,70.0,76.1,免费评估
50,麦吉尔大学McGill University,Canada,84.0,143.0,88.0,67.0,83.0,56.0,70.0,76.1,免费评估
50,National University of Singapore,Singapore,23.0,90.0,40.0,36.0,49.0,233.0,41.0,74.9,免费评估
52,University of Queensland Australia,Australia,23.0,90.0,40.0,36.0,49.0,233.0,41.0,74.9,免费评估
53,Peking University,China,23.0,90.0,40.0,36.0,49.0,233.0,41.0,74.9,免费评估
53,南加州大学University of Southern California,United States,23.0,90.0,40.0,36.0,49.0,233.0,41.0,74.9,免费评估
55,Catholic University of Leuven,Belgium,23.0,90.0,40.0,36.0,49.0,233.0,41.0,74.9,免费评估
56,匹兹堡州立大学Pittsburg State University,United States,23.0,90.0,40.0,36.0,49.0,233.0,41.0,74.9,免费评估
57,Tsinghua University,China,23.0,90.0,40.0,36.0,49.0,233.0,41.0,74.9,免费评估
57,University of Munich,Germany,23.0,90.0,40.0,36.0,49.0,233.0,41.0,74.9,免费评估
59,曼彻斯特大学The University of Manchester,United Kingdom,23.0,90.0,40.0,36.0,49.0,233.0,41.0,74.9,免费评估
59,Utrecht University,Netherlands,23.0,90.0,40.0,36.0,49.0,233.0,41.0,74.9,免费评估
61,莱斯大学Rice University,United States,160.0,234.0,393.0,326.0,437.0,15.0,246.0,73.7,免费评估
62,Pierre and Marie Curie University,France,160.0,234.0,393.0,326.0,437.0,15.0,246.0,73.7,免费评估
63,University of Amsterdam,Netherlands,160.0,234.0,393.0,326.0,437.0,15.0,246.0,73.7,免费评估
63,范德堡大学Vanderbilt University,United States,160.0,234.0,393.0,326.0,437.0,15.0,246.0,73.7,免费评估
65,University of California--Irvine,United States,160.0,234.0,393.0,326.0,437.0,15.0,246.0,73.7,免费评估
66,佐治亚理工学院Georgia Institute of Technology,United States,160.0,234.0,393.0,326.0,437.0,15.0,246.0,73.7,免费评估
67,卡内基梅隆大学Carnegie Mellon University,United States,160.0,234.0,393.0,326.0,437.0,15.0,246.0,73.7,免费评估
68,Heidelberg University,Germany,160.0,234.0,393.0,326.0,437.0,15.0,246.0,73.7,免费评估
69,Karolinska Institute,Sweden,160.0,234.0,393.0,326.0,437.0,15.0,246.0,73.7,免费评估
70,埃默里大学Emory University,United States,160.0,234.0,393.0,326.0,437.0,15.0,246.0,73.7,免费评估
70,London School of Hygiene & Tropical Medicine,United Kingdom,116.0,506.0,368.0,362.0,1205.0,8.0,217.0,72.9,免费评估
70,University of Zurich,Switzerland,116.0,506.0,368.0,362.0,1205.0,8.0,217.0,72.9,免费评估
73,University of Arizona,United States,116.0,506.0,368.0,362.0,1205.0,8.0,217.0,72.9,免费评估
74,Nanyang Technological University,Singapore,116.0,506.0,368.0,362.0,1205.0,8.0,217.0,72.9,免费评估
75,Erasmus University Rotterdam,Netherlands,116.0,506.0,368.0,362.0,1205.0,8.0,217.0,72.9,免费评估
76,布里斯托大学University of Bristol,United Kingdom,116.0,506.0,368.0,362.0,1205.0,8.0,217.0,72.9,免费评估
77,Leiden University,Netherlands,116.0,506.0,368.0,362.0,1205.0,8.0,217.0,72.9,免费评估
78,密歇根州立大学Michigan State University,United States,116.0,506.0,368.0,362.0,1205.0,8.0,217.0,72.9,免费评估
79,蒙纳什大学Monash University,Australia,116.0,506.0,368.0,362.0,1205.0,8.0,217.0,72.9,免费评估
80,澳大利亚国立大学The Australian National University,Australia,116.0,506.0,368.0,362.0,1205.0,8.0,217.0,72.9,免费评估
80,新南威尔士大学The University of New South Wales,Australia,96.0,10.0,65.0,78.0,69.0,279.0,79.0,71.4,免费评估
82,"Rutgers, The State University of New Jersey--New Brunswick",United States,96.0,10.0,65.0,78.0,69.0,279.0,79.0,71.4,免费评估
82,佛罗里达大学University of Florida,United States,96.0,10.0,65.0,78.0,69.0,279.0,79.0,71.4,免费评估
84,Université Paris-Sud,France,96.0,10.0,65.0,78.0,69.0,279.0,79.0,71.4,免费评估
85,布朗大学Brown University,United States,96.0,10.0,65.0,78.0,69.0,279.0,79.0,71.4,免费评估
86,Technical University of Munich,Germany,96.0,10.0,65.0,78.0,69.0,279.0,79.0,71.4,免费评估
86,University of Barcelona,Spain,96.0,10.0,65.0,78.0,69.0,279.0,79.0,71.4,免费评估
86,University of Groningen,Netherlands,96.0,10.0,65.0,78.0,69.0,279.0,79.0,71.4,免费评估
86,VU University Amsterdam,Netherlands,96.0,10.0,65.0,78.0,69.0,279.0,79.0,71.4,免费评估
90,Purdue University--West Lafayette,United States,96.0,10.0,65.0,78.0,69.0,279.0,79.0,71.4,免费评估
91,University of Geneva,Switzerland,179.0,244.0,135.0,192.0,368.0,68.0,99.0,70.3,免费评估
91,University of Helsinki,Finland,179.0,244.0,135.0,192.0,368.0,68.0,99.0,70.3,免费评估
93,Humboldt-Universität zu Berlin,Germany,179.0,244.0,135.0,192.0,368.0,68.0,99.0,70.3,免费评估
94,Lund University,Sweden,179.0,244.0,135.0,192.0,368.0,68.0,99.0,70.3,免费评估
95,罗彻斯特大学University of Rochester,United States,179.0,244.0,135.0,192.0,368.0,68.0,99.0,70.3,免费评估
95,西澳大学The University of Western Australia,Australia,179.0,244.0,135.0,192.0,368.0,68.0,99.0,70.3,免费评估
97,Radboud University Nijmegen,Netherlands,179.0,244.0,135.0,192.0,368.0,68.0,99.0,70.3,免费评估
98,Ghent University,Belgium,179.0,244.0,135.0,192.0,368.0,68.0,99.0,70.3,免费评估
99,"弗吉尼亚大学University of Virginia,Main Campus",United States,179.0,244.0,135.0,192.0,368.0,68.0,99.0,70.3,免费评估
99,University Paris Diderot - Paris 7,France,179.0,244.0,135.0,192.0,368.0,68.0,99.0,70.3,免费评估
101,Weizmann Institute of Science,Israel,114.0,209.0,430.0,444.0,735.0,32.0,292.0,69.4,免费评估
102,Kyoto University,Japan,114.0,209.0,430.0,444.0,735.0,32.0,292.0,69.4,免费评估
102,Wageningen University and Research Center,Netherlands,114.0,209.0,430.0,444.0,735.0,32.0,292.0,69.4,免费评估
104,南安普顿大学University of Southampton,United Kingdom,114.0,209.0,430.0,444.0,735.0,32.0,292.0,69.4,免费评估
105,Texas A&M University--College Station,United States,114.0,209.0,430.0,444.0,735.0,32.0,292.0,69.4,免费评估
106,Mount Sinai School of Medicine,United States,114.0,209.0,430.0,444.0,735.0,32.0,292.0,69.4,免费评估
106,University of Hong Kong,Hong Kong,114.0,209.0,430.0,444.0,735.0,32.0,292.0,69.4,免费评估
108,Aarhus University,Denmark,114.0,209.0,430.0,444.0,735.0,32.0,292.0,69.4,免费评估
108,格拉斯哥大学University of Glasgow,United Kingdom,114.0,209.0,430.0,444.0,735.0,32.0,292.0,69.4,免费评估
110,University of Bonn,Germany,114.0,209.0,430.0,444.0,735.0,32.0,292.0,69.4,免费评估
110,Uppsala University,Sweden,103.0,221.0,105.0,271.0,370.0,185.0,98.0,68.5,免费评估
112,University of Cape Town,South Africa,103.0,221.0,105.0,271.0,370.0,185.0,98.0,68.5,免费评估
113,Freie Universität Berlin,Germany,103.0,221.0,105.0,271.0,370.0,185.0,98.0,68.5,免费评估
113,Indiana University--Bloomington,United States,,,,,,,,,免费评估
113,University of California--Riverside,United States,255.0,467.0,315.0,161.0,446.0,94.0,245.0,68.1,免费评估
116,University of Oslo,Norway,255.0,467.0,315.0,161.0,446.0,94.0,245.0,68.1,免费评估
117,University of Massachusetts--Amherst,United States,255.0,467.0,315.0,161.0,446.0,94.0,245.0,68.1,免费评估
118,伯明翰大学University of Birmingham,United Kingdom,255.0,467.0,315.0,161.0,446.0,94.0,245.0,68.1,免费评估
119,Seoul National University,South Korea,255.0,467.0,315.0,161.0,446.0,94.0,245.0,68.1,免费评估
120,University of Texas Southwestern Medical Center--Dallas,United States,255.0,467.0,315.0,161.0,446.0,94.0,245.0,68.1,免费评估
121,Arizona State University--Tempe,United States,100.0,158.0,152.0,43.0,121.0,178.0,128.0,67.4,免费评估
121,Fudan University,China,100.0,158.0,152.0,43.0,121.0,178.0,128.0,67.4,免费评估
121,University of Hamburg,Germany,100.0,158.0,152.0,43.0,121.0,178.0,128.0,67.4,免费评估
124,University of Padua,Italy,100.0,158.0,152.0,43.0,121.0,178.0,128.0,67.4,免费评估
125,Technical University of Denmark,Denmark,100.0,158.0,152.0,43.0,121.0,178.0,128.0,67.4,免费评估
125,犹他大学University of Utah,United States,100.0,158.0,152.0,43.0,121.0,178.0,128.0,67.4,免费评估
127,Baylor College of Medicine,United States,100.0,158.0,152.0,43.0,121.0,178.0,128.0,67.4,免费评估
128,伦敦大学玛丽女王学院Queen Mary University of London,United Kingdom,100.0,158.0,152.0,43.0,121.0,178.0,128.0,67.4,免费评估
129,麦克马斯特大学McMaster University,Canada,100.0,158.0,152.0,43.0,121.0,178.0,128.0,67.4,免费评估
130,爱荷华大学University of Iowa,United States,100.0,158.0,152.0,43.0,121.0,178.0,128.0,67.4,免费评估
131,凯斯西储大学Case Western Reserve University,United States,206.0,292.0,179.0,183.0,528.0,109.0,141.0,66.6,免费评估
131,Stockholm University,Sweden,206.0,292.0,179.0,183.0,528.0,109.0,141.0,66.6,免费评估
131,Stony Brook University--SUNY,United States,,,,,,,,,免费评估
131,University of Basel,Switzerland,251.0,335.0,197.0,313.0,889.0,94.0,147.0,66.6,免费评估
131,利兹大学University of Leeds,United Kingdom,251.0,335.0,197.0,313.0,889.0,94.0,147.0,66.6,免费评估
136,University of Science and Technology of China,China,,,,,,,,,免费评估
137,利物浦大学The University of Liverpool,United Kingdom,194.0,425.0,167.0,104.0,376.0,151.0,143.0,66.4,免费评估
138,Sapienza University of Rome,Italy,194.0,425.0,167.0,104.0,376.0,151.0,143.0,66.4,免费评估
138,Shanghai Jiao Tong University,China,,,,,,,,,免费评估
138,University of São Paulo,Brazil,80.0,2.0,7.0,234.0,59.0,993.0,63.0,66.3,免费评估
138,谢菲尔德大学The University of Sheffield,United Kingdom,124.0,286.0,144.0,25.0,177.0,215.0,126.0,66.3,免费评估
138,Zhejiang University,China,,,,,,,,,免费评估
143,University of Bern,Switzerland,272.0,346.0,164.0,251.0,642.0,128.0,131.0,66.1,免费评估
144,National Taiwan University,Taiwan,272.0,346.0,164.0,251.0,642.0,128.0,131.0,66.1,免费评估
144,阿尔伯塔大学University of Alberta,Canada,272.0,346.0,164.0,251.0,642.0,128.0,131.0,66.1,免费评估
144,University of Freiburg,Germany,272.0,346.0,164.0,251.0,642.0,128.0,131.0,66.1,免费评估
147,Universite Grenoble Alpes (UGA),France,272.0,346.0,164.0,251.0,642.0,128.0,131.0,66.1,免费评估
147,诺丁汉大学The University of Nottingham,United Kingdom,272.0,346.0,164.0,251.0,642.0,128.0,131.0,66.1,免费评估
149,卡迪夫大学Cardiff University,United Kingdom,272.0,346.0,164.0,251.0,642.0,128.0,131.0,66.1,免费评估
149,University of Bologna,Italy,272.0,346.0,164.0,251.0,642.0,128.0,131.0,66.1,免费评估
149,蒙特利尔大学University of Montreal,Canada,136.0,442.0,78.0,133.0,193.0,334.0,96.0,65.8,免费评估
152,阿德莱德大学The University of Adelaide,Australia,136.0,442.0,78.0,133.0,193.0,334.0,96.0,65.8,免费评估
152,奥克兰大学The University of Auckland,New Zealand,136.0,442.0,78.0,133.0,193.0,334.0,96.0,65.8,免费评估
154,Chinese University Hong Kong,Hong Kong,136.0,442.0,78.0,133.0,193.0,334.0,96.0,65.8,免费评估
155,University of Göttingen,Germany,136.0,442.0,78.0,133.0,193.0,334.0,96.0,65.8,免费评估
156,塔夫茨大学Tufts University,United States,136.0,442.0,78.0,133.0,193.0,334.0,96.0,65.8,免费评估
156,圣母诺特丹大学University of Notre Dame,United States,136.0,442.0,78.0,133.0,193.0,334.0,96.0,65.8,免费评估
158,"Eberhard Karls University, Tübingen",Germany,136.0,442.0,78.0,133.0,193.0,334.0,96.0,65.8,免费评估
158,迈阿密大学University of Miami,United States,136.0,442.0,78.0,133.0,193.0,334.0,96.0,65.8,免费评估
160,Maastricht University,Netherlands,136.0,442.0,78.0,133.0,193.0,334.0,96.0,65.8,免费评估
160,华威大学The University of Warwick,United Kingdom,102.0,242.0,215.0,20.0,406.0,215.0,184.0,65.0,免费评估
162,University of Alabama--Birmingham,United States,102.0,242.0,215.0,20.0,406.0,215.0,184.0,65.0,免费评估
162,University of Milan,Italy,102.0,242.0,215.0,20.0,406.0,215.0,184.0,65.0,免费评估
164,Hong Kong University of Science and Technology,Hong Kong,,,,,,,,,免费评估
164,埃克塞特大学University of Exeter,United Kingdom,265.0,390.0,299.0,31.0,689.0,103.0,229.0,64.8,免费评估
166,Boğaziçi University,Turkey,265.0,390.0,299.0,31.0,689.0,103.0,229.0,64.8,免费评估
167,Autonomous University of Barcelona,Spain,265.0,390.0,299.0,31.0,689.0,103.0,229.0,64.8,免费评估
167,Karlsruhe Institute of Technology,Germany,265.0,390.0,299.0,31.0,689.0,103.0,229.0,64.8,免费评估
169,佛罗里达州立大学Florida State University,United States,265.0,390.0,299.0,31.0,689.0,103.0,229.0,64.8,免费评估
169,Osaka University,Japan,265.0,390.0,299.0,31.0,689.0,103.0,229.0,64.8,免费评估
169,University of Aix-Marseille,France,330.0,354.0,86.0,340.0,196.0,359.0,102.0,64.4,免费评估
172,杜伦大学Durham University,United Kingdom,330.0,354.0,86.0,340.0,196.0,359.0,102.0,64.4,免费评估
172,Tohoku University,Japan,330.0,354.0,86.0,340.0,196.0,359.0,102.0,64.4,免费评估
174,Hebrew University of Jerusalem,Israel,330.0,354.0,86.0,340.0,196.0,359.0,102.0,64.4,免费评估
174,RWTH Aachen University,Germany,330.0,354.0,86.0,340.0,196.0,359.0,102.0,64.4,免费评估
174,University of Maryland--Baltimore,United States,330.0,354.0,86.0,340.0,196.0,359.0,102.0,64.4,免费评估
177,Delft University of Technology,Netherlands,330.0,354.0,86.0,340.0,196.0,359.0,102.0,64.4,免费评估
177,爱荷华州立大学Iowa State University (ISU),United States,330.0,354.0,86.0,340.0,196.0,359.0,102.0,64.4,免费评估
177,Johann Wolfgang Goethe University Frankfurt am Main,Germany,330.0,354.0,86.0,340.0,196.0,359.0,102.0,64.4,免费评估
180,University of Illinois--Chicago,United States,330.0,354.0,86.0,340.0,196.0,359.0,102.0,64.4,免费评估
180,University of Lausanne,Switzerland,285.0,337.0,268.0,426.0,985.0,109.0,200.0,63.8,免费评估
182,King Abdulaziz University,Saudi Arabia,285.0,337.0,268.0,426.0,985.0,109.0,200.0,63.8,免费评估
182,Oregon Health & Science University,United States,285.0,337.0,268.0,426.0,985.0,109.0,200.0,63.8,免费评估
182,University of Tennessee,United States,285.0,337.0,268.0,426.0,985.0,109.0,200.0,63.8,免费评估
185,Charite - Medical University of Berlin,Germany,285.0,337.0,268.0,426.0,985.0,109.0,200.0,63.8,免费评估
186,University of Trieste,Italy,285.0,337.0,268.0,426.0,985.0,109.0,200.0,63.8,免费评估
187,Korea Advanced Institute of Science and Technology,South Korea,285.0,337.0,268.0,426.0,985.0,109.0,200.0,63.8,免费评估
187,Nanjing University,China,285.0,337.0,268.0,426.0,985.0,109.0,200.0,63.8,免费评估
187,Pompeu Fabra University,Spain,285.0,337.0,268.0,426.0,985.0,109.0,200.0,63.8,免费评估
187,Tel Aviv University,Israel,285.0,337.0,268.0,426.0,985.0,109.0,200.0,63.8,免费评估
191,纽卡斯尔大学Newcastle University,United Kingdom,346.0,406.0,209.0,73.0,436.0,245.0,182.0,63.3,免费评估
191,University of Münster,Germany,346.0,406.0,209.0,73.0,436.0,245.0,182.0,63.3,免费评估
193,University of Strasbourg,France,346.0,406.0,209.0,73.0,436.0,245.0,182.0,63.3,免费评估
194,City University Hong Kong,Hong Kong,346.0,406.0,209.0,73.0,436.0,245.0,182.0,63.3,免费评估
194,École Polytechnique,France,346.0,406.0,209.0,73.0,436.0,245.0,182.0,63.3,免费评估
196,Technical University of Dresden,Germany,346.0,406.0,209.0,73.0,436.0,245.0,182.0,63.3,免费评估
196,University of Vienna,Austria,346.0,406.0,209.0,73.0,436.0,245.0,182.0,63.3,免费评估
198,达特茅斯学院Dartmouth College,United States,346.0,406.0,209.0,73.0,436.0,245.0,182.0,63.3,免费评估
198,University of Bergen,Norway,346.0,406.0,209.0,73.0,436.0,245.0,182.0,63.3,免费评估
198,University of Cincinnati,United States,346.0,406.0,209.0,73.0,436.0,245.0,182.0,63.3,免费评估
201,Charles University in Prague,Czech Republic,200.0,121.0,136.0,282.0,166.0,547.0,170.0,62.5,免费评估
201,Université Libre de Bruxelles,Belgium,200.0,121.0,136.0,282.0,166.0,547.0,170.0,62.5,免费评估
201,University of Montpellier,France,200.0,121.0,136.0,282.0,166.0,547.0,170.0,62.5,免费评估
204,卡尔加里大学Calgary University,Canada,200.0,121.0,136.0,282.0,166.0,547.0,170.0,62.5,免费评估
205,University of Antwerp,Belgium,200.0,121.0,136.0,282.0,166.0,547.0,170.0,62.5,免费评估
205,University of Gothenburg,Sweden,200.0,121.0,136.0,282.0,166.0,547.0,170.0,62.5,免费评估
207,University of New Mexico,United States,200.0,121.0,136.0,282.0,166.0,547.0,170.0,62.5,免费评估
207,University of Würzburg,Germany,200.0,121.0,136.0,282.0,166.0,547.0,170.0,62.5,免费评估
209,Paris Descartes University-Paris V,France,200.0,121.0,136.0,282.0,166.0,547.0,170.0,62.5,免费评估
210,Autonomous University of Madrid,Spain,200.0,121.0,136.0,282.0,166.0,547.0,170.0,62.5,免费评估
210,Trinity College Dublin,Ireland,229.0,357.0,296.0,148.0,409.0,233.0,261.0,61.9,免费评估
210,University Catholique of Louvain,Belgium,229.0,357.0,296.0,148.0,409.0,233.0,261.0,61.9,免费评估
213,Johannes Gutenberg University of Mainz,Germany,229.0,357.0,296.0,148.0,409.0,233.0,261.0,61.9,免费评估
213,North Carolina State University--Raleigh,United States,,,,,,,,,免费评估
213,Royal Institute of Technology,Sweden,117.0,252.0,251.0,354.0,62.0,379.0,250.0,61.8,免费评估
213,萨塞克斯大学The University of Sussex,United Kingdom,117.0,252.0,251.0,354.0,62.0,379.0,250.0,61.8,免费评估
217,University of Texas Health Science Center--Houston,United States,117.0,252.0,251.0,354.0,62.0,379.0,250.0,61.8,免费评估
218,Oregon State University,United States,117.0,252.0,251.0,354.0,62.0,379.0,250.0,61.8,免费评估
218,University of Turin,Italy,117.0,252.0,251.0,354.0,62.0,379.0,250.0,61.8,免费评估
218,约克大学University of York,United Kingdom,117.0,252.0,251.0,354.0,62.0,379.0,250.0,61.8,免费评估
221,渥太华大学University of Ottawa,Canada,261.0,536.0,149.0,96.0,200.0,345.0,150.0,61.5,免费评估
222,Scuola Normale Superiore di Pisa,Italy,261.0,536.0,149.0,96.0,200.0,345.0,150.0,61.5,免费评估
222,堪萨斯大学University of Kansas,United States,261.0,536.0,149.0,96.0,200.0,345.0,150.0,61.5,免费评估
222,University of Witwatersrand,South Africa,261.0,536.0,149.0,96.0,200.0,345.0,150.0,61.5,免费评估
225,Medical University of Vienna,Austria,261.0,536.0,149.0,96.0,200.0,345.0,150.0,61.5,免费评估
225,Sun Yat-sen University,China,261.0,536.0,149.0,96.0,200.0,345.0,150.0,61.5,免费评估
225,University of Erlangen Nuremberg,Germany,261.0,536.0,149.0,96.0,200.0,345.0,150.0,61.5,免费评估
225,University of Florence,Italy,261.0,536.0,149.0,96.0,200.0,345.0,150.0,61.5,免费评估
229,Nagoya University,Japan,261.0,536.0,149.0,96.0,200.0,345.0,150.0,61.5,免费评估
229,东北大学Northeastern University,United States,261.0,536.0,149.0,96.0,200.0,345.0,150.0,61.5,免费评估
231,Claude Bernard University Lyon 1,France,389.0,430.0,171.0,613.0,460.0,334.0,167.0,61.1,免费评估
231,"École Normale Superieure, Paris",France,389.0,430.0,171.0,613.0,460.0,334.0,167.0,61.1,免费评估
231,Middle East Technical University,Turkey,389.0,430.0,171.0,613.0,460.0,334.0,167.0,61.1,免费评估
231,阿伯丁大学University of Aberdeen,United Kingdom,389.0,430.0,171.0,613.0,460.0,334.0,167.0,61.1,免费评估
231,University of Texas--Dallas,United States,389.0,430.0,171.0,613.0,460.0,334.0,167.0,61.1,免费评估
236,Sungkyunkwan University,South Korea,389.0,430.0,171.0,613.0,460.0,334.0,167.0,61.1,免费评估
236,University of Lisbon,Portugal,389.0,430.0,171.0,613.0,460.0,334.0,167.0,61.1,免费评估
236,叶史瓦大学Yeshiva University,United States,389.0,430.0,171.0,613.0,460.0,334.0,167.0,61.1,免费评估
239,奥塔哥大学University of Otago,New Zealand,389.0,430.0,171.0,613.0,460.0,334.0,167.0,61.1,免费评估
240,Colorado State University,United States,389.0,430.0,171.0,613.0,460.0,334.0,167.0,61.1,免费评估
240,Hong Kong Polytechnic University,Hong Kong,162.0,214.0,240.0,188.0,162.0,407.0,242.0,60.7,免费评估
240,滑铁卢大学University of Waterloo,Canada,162.0,214.0,240.0,188.0,162.0,407.0,242.0,60.7,免费评估
243,King Abdullah University of Science & Technology,Saudi Arabia,162.0,214.0,240.0,188.0,162.0,407.0,242.0,60.7,免费评估
243,University at Buffalo--SUNY,United States,162.0,214.0,240.0,188.0,162.0,407.0,242.0,60.7,免费评估
245,乔治亚大学University of Georgia,United States,162.0,214.0,240.0,188.0,162.0,407.0,242.0,60.7,免费评估
245,University of Nebraska--Lincoln,United States,162.0,214.0,240.0,188.0,162.0,407.0,242.0,60.7,免费评估
245,University of Pisa,Italy,162.0,214.0,240.0,188.0,162.0,407.0,242.0,60.7,免费评估
245,圣安德鲁斯大学University of St Andrews,United Kingdom,162.0,214.0,240.0,188.0,162.0,407.0,242.0,60.7,免费评估
249,Technion Israel Institute of Technology,Israel,162.0,214.0,240.0,188.0,162.0,407.0,242.0,60.7,免费评估
249,弗吉尼亚理工大学Virginia Polytechnic Institute and State University,United States,162.0,214.0,240.0,188.0,162.0,407.0,242.0,60.7,免费评估
251,兰卡斯特大学University of Lancaster,United Kingdom,188.0,393.0,407.0,47.0,600.0,215.0,340.0,60.2,免费评估
251,University of Cologne,Germany,188.0,393.0,407.0,47.0,600.0,215.0,340.0,60.2,免费评估
251,University of Massachusetts Worcester,United States,188.0,393.0,407.0,47.0,600.0,215.0,340.0,60.2,免费评估
254,Tokyo Institute of Technology,Japan,,,,,,,,,免费评估
254,东英吉利大学University of East Anglia,United Kingdom,350.0,676.0,417.0,143.0,934.0,137.0,323.0,60.0,免费评估
254,莱斯特大学University of Leicester,United Kingdom,350.0,676.0,417.0,143.0,934.0,137.0,323.0,60.0,免费评估
257,Istanbul Technical University,Turkey,350.0,676.0,417.0,143.0,934.0,137.0,323.0,60.0,免费评估
257,University College Dublin,Ireland,350.0,676.0,417.0,143.0,934.0,137.0,323.0,60.0,免费评估
257,University of Naples Federico II,Italy,350.0,676.0,417.0,143.0,934.0,137.0,323.0,60.0,免费评估
257,University of Pavia,Italy,350.0,676.0,417.0,143.0,934.0,137.0,323.0,60.0,免费评估
261,International School for Advanced Studies,Italy,513.0,722.0,953.0,925.0,1115.0,8.0,591.0,59.8,免费评估
261,伦敦政治经济学院the London Shool of Economics and Political Science,United Kingdom,513.0,722.0,953.0,925.0,1115.0,8.0,591.0,59.8,免费评估
261,Pohang University of Science and Technology,South Korea,513.0,722.0,953.0,925.0,1115.0,8.0,591.0,59.8,免费评估
261,奥瑞冈大学University of Oregon (UO),United States,513.0,722.0,953.0,925.0,1115.0,8.0,591.0,59.8,免费评估
265,Indiana University-Purdue University--Indianapolis,United States,513.0,722.0,953.0,925.0,1115.0,8.0,591.0,59.8,免费评估
265,University of Valencia,Spain,513.0,722.0,953.0,925.0,1115.0,8.0,591.0,59.8,免费评估
267,麦考瑞大学Macquarie University,Australia,513.0,722.0,953.0,925.0,1115.0,8.0,591.0,59.8,免费评估
267,邓迪大学University of Dundee,United Kingdom,513.0,722.0,953.0,925.0,1115.0,8.0,591.0,59.8,免费评估
269,"Royal Holloway, University of London (RHUL)",United Kingdom,513.0,722.0,953.0,925.0,1115.0,8.0,591.0,59.8,免费评估
269,University of Kiel,Germany,513.0,722.0,953.0,925.0,1115.0,8.0,591.0,59.8,免费评估
271,M. V. Lomonosov Moscow State University,Russia,59.0,76.0,113.0,499.0,191.0,1078.0,253.0,59.3,免费评估
271,特拉华大学University of Delaware,United States,59.0,76.0,113.0,499.0,191.0,1078.0,253.0,59.3,免费评估
273,詹姆斯·库克大学James Cook University,Australia,59.0,76.0,113.0,499.0,191.0,1078.0,253.0,59.3,免费评估
274,University of Innsbruck,Austria,59.0,76.0,113.0,499.0,191.0,1078.0,253.0,59.3,免费评估
274,University of Rome Tor Vergata,Italy,59.0,76.0,113.0,499.0,191.0,1078.0,253.0,59.3,免费评估
274,维多利亚大学University of Victoria,Canada,59.0,76.0,113.0,499.0,191.0,1078.0,253.0,59.3,免费评估
277,University of South Florida,United States,59.0,76.0,113.0,499.0,191.0,1078.0,253.0,59.3,免费评估
278,Korea University,South Korea,59.0,76.0,113.0,499.0,191.0,1078.0,253.0,59.3,免费评估
279,乔治城大学Georgetown University,United States,59.0,76.0,113.0,499.0,191.0,1078.0,253.0,59.3,免费评估
280,Brandeis University,United States,59.0,76.0,113.0,499.0,191.0,1078.0,253.0,59.3,免费评估
280,西蒙弗雷泽大学Simon Fraser University,Canada,307.0,536.0,337.0,161.0,254.0,261.0,295.0,58.7,免费评估
282,Free University of Brussels,Belgium,307.0,536.0,337.0,161.0,254.0,261.0,295.0,58.7,免费评估
283,乔治华盛顿大学George Washington University,United States,307.0,536.0,337.0,161.0,254.0,261.0,295.0,58.7,免费评估
283,康涅狄格大学University of Connecticut,United States,307.0,536.0,337.0,161.0,254.0,261.0,295.0,58.7,免费评估
283,Wayne State University,United States,307.0,536.0,337.0,161.0,254.0,261.0,295.0,58.7,免费评估
286,Aalto University,Finland,307.0,536.0,337.0,161.0,254.0,261.0,295.0,58.7,免费评估
286,Beijing Normal University,China,307.0,536.0,337.0,161.0,254.0,261.0,295.0,58.7,免费评估
286,Grenoble Institute of Technology,France,307.0,536.0,337.0,161.0,254.0,261.0,295.0,58.7,免费评估
289,西安大略大学University of Western Ontario,Canada,307.0,536.0,337.0,161.0,254.0,261.0,295.0,58.7,免费评估
289,Yonsei University,South Korea,307.0,536.0,337.0,161.0,254.0,261.0,295.0,58.7,免费评估
291,National and Kapodistrian University of Athens,Greece,686.0,622.0,173.0,340.0,359.0,459.0,188.0,58.2,免费评估
291,Umeå University,Sweden,686.0,622.0,173.0,340.0,359.0,459.0,188.0,58.2,免费评估
291,University of Ulm,Germany,686.0,622.0,173.0,340.0,359.0,459.0,188.0,58.2,免费评估
294,"悉尼科技大学University of Technology, Sydney",Australia,686.0,622.0,173.0,340.0,359.0,459.0,188.0,58.2,免费评估
295,Huazhong University of Science and Technology,China,686.0,622.0,173.0,340.0,359.0,459.0,188.0,58.2,免费评估
295,Vita-Salute San Raffaele University,Italy,686.0,622.0,173.0,340.0,359.0,459.0,188.0,58.2,免费评估
297,科廷大学Curtin University,Australia,686.0,622.0,173.0,340.0,359.0,459.0,188.0,58.2,免费评估
297,Eindhoven University of Technology,Netherlands,686.0,622.0,173.0,340.0,359.0,459.0,188.0,58.2,免费评估
297,University of Duisburg-Essen,Germany,686.0,622.0,173.0,340.0,359.0,459.0,188.0,58.2,免费评估
300,Technical University of Berlin,Germany,686.0,622.0,173.0,340.0,359.0,459.0,188.0,58.2,免费评估
300,University of Milan - Bicocca,Italy,638.0,651.0,377.0,403.0,511.0,252.0,330.0,57.7,免费评估
300,University of South Carolina,United States,638.0,651.0,377.0,403.0,511.0,252.0,330.0,57.7,免费评估
303,Harbin Institute of Technology,China,638.0,651.0,377.0,403.0,511.0,252.0,330.0,57.7,免费评估
303,Polytechnic University of Milan,Italy,,,,,,,,,免费评估
303,贝尔法斯特女王大学Queen's University Belfast,United Kingdom,415.0,596.0,330.0,137.0,388.0,299.0,299.0,57.6,免费评估
306,Xiamen University,China,415.0,596.0,330.0,137.0,388.0,299.0,299.0,57.6,免费评估
307,格里菲斯大学Griffith University,Australia,415.0,596.0,330.0,137.0,388.0,299.0,299.0,57.6,免费评估
307,威克弗里斯特大学Wake Forest University,United States,,,,,,,,,免费评估
309,迪肯大学Deakin University,Australia,533.0,103.0,390.0,170.0,403.0,288.0,345.0,57.3,免费评估
309,Norwegian University of Science and Technology,Norway,533.0,103.0,390.0,170.0,403.0,288.0,345.0,57.3,免费评估
309,University of Colorado--Denver,United States,591.0,706.0,514.0,444.0,1083.0,60.0,365.0,57.3,免费评估
309,University of Kentucky,United States,591.0,706.0,514.0,444.0,1083.0,60.0,365.0,57.3,免费评估
313,Federal University of Rio de Janeiro,Brazil,,,,,,,,,免费评估
313,University of Granada,Spain,432.0,456.0,238.0,473.0,246.0,379.0,238.0,57.2,免费评估
313,纽卡斯尔大学Newcastle University,Australia,432.0,456.0,238.0,473.0,246.0,379.0,238.0,57.2,免费评估
313,雷丁大学University of Reading,United Kingdom,,,,,,,,,免费评估
313,伍伦贡大学University of Wollongong,Australia,447.0,123.0,423.0,251.0,352.0,474.0,405.0,57.2,免费评估
313,Waseda University,Japan,447.0,123.0,423.0,251.0,352.0,474.0,405.0,57.2,免费评估
319,Nankai University,China,,,,,,,,,免费评估
319,昆士兰科技大学Queensland University of Technology,Australia,282.0,54.0,364.0,188.0,324.0,494.0,362.0,57.1,免费评估
319,俄克拉荷马大学University of Oklahoma,United States,453.0,505.0,461.0,251.0,583.0,245.0,378.0,57.1,免费评估
319,University of Warsaw,Poland,453.0,505.0,461.0,251.0,583.0,245.0,378.0,57.1,免费评估
323,塔斯马尼亚大学University of Tasmania,Australia,,,,,,,,,免费评估
324,Kyushu University,Japan,154.0,120.0,134.0,499.0,127.0,881.0,228.0,56.9,免费评估
324,Laval University,Canada,154.0,120.0,134.0,499.0,127.0,881.0,228.0,56.9,免费评估
324,Wuhan University,China,,,,,,,,,免费评估
327,Vienna University of Technology,Austria,215.0,288.0,422.0,392.0,67.0,424.0,395.0,56.8,免费评估
328,贝勒大学Baylor University,United States,215.0,288.0,422.0,392.0,67.0,424.0,395.0,56.8,免费评估
328,Hokkaido University,Japan,,,,,,,,,免费评估
328,University of Hawaii--Manoa,United States,228.0,490.0,541.0,251.0,718.0,392.0,482.0,56.6,免费评估
328,密苏里大学University of Missouri,United States,276.0,386.0,246.0,118.0,483.0,474.0,257.0,56.6,免费评估
328,University of Savoie,France,276.0,386.0,246.0,118.0,483.0,474.0,257.0,56.6,免费评估
328,University of Turku,Finland,276.0,386.0,246.0,118.0,483.0,474.0,257.0,56.6,免费评估
334,Friedrich Schiller University of Jena,Germany,276.0,386.0,246.0,118.0,483.0,474.0,257.0,56.6,免费评估
334,Politecnico di Bari,Italy,276.0,386.0,246.0,118.0,483.0,474.0,257.0,56.6,免费评估
334,University of Tsukuba,Japan,276.0,386.0,246.0,118.0,483.0,474.0,257.0,56.6,免费评估
337,Tongji University,China,276.0,386.0,246.0,118.0,483.0,474.0,257.0,56.6,免费评估
337,University of Twente,Netherlands,276.0,386.0,246.0,118.0,483.0,474.0,257.0,56.6,免费评估
337,Versailles Saint-Quentin-en-Yvelines University (UVSQ),France,276.0,386.0,246.0,118.0,483.0,474.0,257.0,56.6,免费评估
340,Heinrich Heine University of Dusseldorf,Germany,276.0,386.0,246.0,118.0,483.0,474.0,257.0,56.6,免费评估
340,堪萨斯州立大学Kansas State University,United States,408.0,615.0,441.0,289.0,658.0,359.0,399.0,56.2,免费评估
340,National Tsing Hua University,Taiwan,408.0,615.0,441.0,289.0,658.0,359.0,399.0,56.2,免费评估
340,University of Buenos Aires,Argentina,408.0,615.0,441.0,289.0,658.0,359.0,399.0,56.2,免费评估
344,State University of Campinas,Brazil,408.0,615.0,441.0,289.0,658.0,359.0,399.0,56.2,免费评估
344,University of Porto,Portugal,408.0,615.0,441.0,289.0,658.0,359.0,399.0,56.2,免费评估
346,Ruhr University Bochum,Germany,408.0,615.0,441.0,289.0,658.0,359.0,399.0,56.2,免费评估
346,Swedish University of Agricultural Sciences,Sweden,408.0,615.0,441.0,289.0,658.0,359.0,399.0,56.2,免费评估
346,University of KwaZulu Natal,South Africa,408.0,615.0,441.0,289.0,658.0,359.0,399.0,56.2,免费评估
346,University of Leipzig,Germany,408.0,615.0,441.0,289.0,658.0,359.0,399.0,56.2,免费评估
346,University of Perugia,Italy,408.0,615.0,441.0,289.0,658.0,359.0,399.0,56.2,免费评估
346,Xi'an Jiaotong University,China,463.0,381.0,148.0,630.0,24.0,825.0,233.0,55.9,免费评估
352,坎特伯雷大学University of Canterbury,New Zealand,463.0,381.0,148.0,630.0,24.0,825.0,233.0,55.9,免费评估
353,Complutense University of Madrid,Spain,463.0,381.0,148.0,630.0,24.0,825.0,233.0,55.9,免费评估
353,University of Genoa,Italy,463.0,381.0,148.0,630.0,24.0,825.0,233.0,55.9,免费评估
353,University of Southern Denmark,Denmark,463.0,381.0,148.0,630.0,24.0,825.0,233.0,55.9,免费评估
356,达尔豪斯大学Dalhousie University,Canada,463.0,381.0,148.0,630.0,24.0,825.0,233.0,55.9,免费评估
356,Louisiana State University--Baton Rouge,United States,463.0,381.0,148.0,630.0,24.0,825.0,233.0,55.9,免费评估
356,Pontificia University Católica de Chile,Chile,463.0,381.0,148.0,630.0,24.0,825.0,233.0,55.9,免费评估
356,Universite de Bordeaux,France,463.0,381.0,148.0,630.0,24.0,825.0,233.0,55.9,免费评估
356,University of Malaya,Malaysia,463.0,381.0,148.0,630.0,24.0,825.0,233.0,55.9,免费评估
361,University of Liège,Belgium,465.0,506.0,313.0,557.0,483.0,486.0,319.0,55.5,免费评估
362,Florida International University,United States,465.0,506.0,313.0,557.0,483.0,486.0,319.0,55.5,免费评估
362,Virginia Commonwealth University,United States,465.0,506.0,313.0,557.0,483.0,486.0,319.0,55.5,免费评估
364,Jagiellonian University,Poland,465.0,506.0,313.0,557.0,483.0,486.0,319.0,55.5,免费评估
364,Shandong University,China,465.0,506.0,313.0,557.0,483.0,486.0,319.0,55.5,免费评估
364,Southeast University,China,465.0,506.0,313.0,557.0,483.0,486.0,319.0,55.5,免费评估
364,University at Albany--SUNY,United States,465.0,506.0,313.0,557.0,483.0,486.0,319.0,55.5,免费评估
368,Stellenbosch University,South Africa,465.0,506.0,313.0,557.0,483.0,486.0,319.0,55.5,免费评估
368,University of Houston,United States,465.0,506.0,313.0,557.0,483.0,486.0,319.0,55.5,免费评估
368,Washington State University,United States,465.0,506.0,313.0,557.0,483.0,486.0,319.0,55.5,免费评估
371,Hannover Medical School,Germany,564.0,694.0,336.0,678.0,1206.0,279.0,297.0,55.1,免费评估
372,College de France,France,564.0,694.0,336.0,678.0,1206.0,279.0,297.0,55.1,免费评估
372,Linköping University,Sweden,564.0,694.0,336.0,678.0,1206.0,279.0,297.0,55.1,免费评估
374,雪城大学Syracuse University,United States,564.0,694.0,336.0,678.0,1206.0,279.0,297.0,55.1,免费评估
374,University of Mississippi,United States,564.0,694.0,336.0,678.0,1206.0,279.0,297.0,55.1,免费评估
376,Aalborg University,Denmark,564.0,694.0,336.0,678.0,1206.0,279.0,297.0,55.1,免费评估
376,National Autonomous University of Mexico,Mexico,564.0,694.0,336.0,678.0,1206.0,279.0,297.0,55.1,免费评估
376,St George's University of London,United Kingdom,564.0,694.0,336.0,678.0,1206.0,279.0,297.0,55.1,免费评估
379,Queens University,Canada,564.0,694.0,336.0,678.0,1206.0,279.0,297.0,55.1,免费评估
380,科罗拉多矿业大学Colorado School of Mines,United States,564.0,694.0,336.0,678.0,1206.0,279.0,297.0,55.1,免费评估
380,University of Giessen,Germany,462.0,622.0,362.0,517.0,808.0,392.0,343.0,54.6,免费评估
380,University of Iceland,Iceland,462.0,622.0,362.0,517.0,808.0,392.0,343.0,54.6,免费评估
380,University of Trento,Italy,462.0,622.0,362.0,517.0,808.0,392.0,343.0,54.6,免费评估
384,University of Tartu,Estonia,462.0,622.0,362.0,517.0,808.0,392.0,343.0,54.6,免费评估
384,University of Western Sydney,Australia,462.0,622.0,362.0,517.0,808.0,392.0,343.0,54.6,免费评估
386,University of Plymouth,United Kingdom,462.0,622.0,362.0,517.0,808.0,392.0,343.0,54.6,免费评估
387,Ulsan National Institute of Science & Technology,South Korea,462.0,622.0,362.0,517.0,808.0,392.0,343.0,54.6,免费评估
388,University of Texas Health Science Center--San Antonio,United States,462.0,622.0,362.0,517.0,808.0,392.0,343.0,54.6,免费评估
389,Bilkent University,Turkey,462.0,622.0,362.0,517.0,808.0,392.0,343.0,54.6,免费评估
389,Chalmers University of Technology,Sweden,462.0,622.0,362.0,517.0,808.0,392.0,343.0,54.6,免费评估
389,ENS De Lyon,France,399.0,478.0,634.0,613.0,775.0,310.0,526.0,54.0,免费评估
389,Panjab University,India,399.0,478.0,634.0,613.0,775.0,310.0,526.0,54.0,免费评估
389,约克大学York University,Canada,399.0,478.0,634.0,613.0,775.0,310.0,526.0,54.0,免费评估
394,South China University of Technology,China,399.0,478.0,634.0,613.0,775.0,310.0,526.0,54.0,免费评估
394,巴斯大学University of Bath,United Kingdom,399.0,478.0,634.0,613.0,775.0,310.0,526.0,54.0,免费评估
394,University of Eastern Finland,Finland,399.0,478.0,634.0,613.0,775.0,310.0,526.0,54.0,免费评估
394,University of Lorraine,France,399.0,478.0,634.0,613.0,775.0,310.0,526.0,54.0,免费评估
394,University of the Andes Colombia,Colombia,399.0,478.0,634.0,613.0,775.0,310.0,526.0,54.0,免费评估
399,伦斯勒理工学院Rensselaer Polytechnic Institute,United States,399.0,478.0,634.0,613.0,775.0,310.0,526.0,54.0,免费评估
399,Thomas Jefferson University,United States,399.0,478.0,634.0,613.0,775.0,310.0,526.0,54.0,免费评估
401,Indian Institute of Science,India,141.0,219.0,346.0,467.0,197.0,891.0,447.0,53.7,免费评估
402,曼尼托巴大学University of Manitoba,Canada,141.0,219.0,346.0,467.0,197.0,891.0,447.0,53.7,免费评估
403,布鲁内尔大学Brunel University,United Kingdom,141.0,219.0,346.0,467.0,197.0,891.0,447.0,53.7,免费评估
403,天普大学Temple University,United States,141.0,219.0,346.0,467.0,197.0,891.0,447.0,53.7,免费评估
405,Dalian University of Technology,China,141.0,219.0,346.0,467.0,197.0,891.0,447.0,53.7,免费评估
405,德雷塞尔大学Drexel University,United States,141.0,219.0,346.0,467.0,197.0,891.0,447.0,53.7,免费评估
405,Sharif University of Technology,Iran,141.0,219.0,346.0,467.0,197.0,891.0,447.0,53.7,免费评估
408,波士顿学院Boston College,United States,141.0,219.0,346.0,467.0,197.0,891.0,447.0,53.7,免费评估
409,Aristotle University of Thessaloniki,Greece,141.0,219.0,346.0,467.0,197.0,891.0,447.0,53.7,免费评估
409,University of Regensburg,Germany,141.0,219.0,346.0,467.0,197.0,891.0,447.0,53.7,免费评估
411,Medical University of South Carolina,United States,741.0,713.0,382.0,591.0,1197.0,206.0,322.0,53.1,免费评估
411,National Research Nuclear University MEPhI (Moscow Engineering Physics Institute),Russia,741.0,713.0,382.0,591.0,1197.0,206.0,322.0,53.1,免费评估
411,University of Bari,Italy,741.0,713.0,382.0,591.0,1197.0,206.0,322.0,53.1,免费评估
411,University of Santiago of Compostela,Spain,741.0,713.0,382.0,591.0,1197.0,206.0,322.0,53.1,免费评估
411,University of Siena,Italy,741.0,713.0,382.0,591.0,1197.0,206.0,322.0,53.1,免费评估
416,Darmstadt University of Technology,Germany,741.0,713.0,382.0,591.0,1197.0,206.0,322.0,53.1,免费评估
416,University of Texas--Arlington,United States,741.0,713.0,382.0,591.0,1197.0,206.0,322.0,53.1,免费评估
418,University of Central Florida,United States,741.0,713.0,382.0,591.0,1197.0,206.0,322.0,53.1,免费评估
418,圭尔夫大学University of Guelph,Canada,741.0,713.0,382.0,591.0,1197.0,206.0,322.0,53.1,免费评估
418,University of Oulu,Finland,741.0,713.0,382.0,591.0,1197.0,206.0,322.0,53.1,免费评估
418,University of the Basque Country,Spain,709.0,565.0,285.0,483.0,227.0,619.0,324.0,52.9,免费评估
422,University of Coimbra,Portugal,709.0,565.0,285.0,483.0,227.0,619.0,324.0,52.9,免费评估
423,China Agricultural University,China,709.0,565.0,285.0,483.0,227.0,619.0,324.0,52.9,免费评估
423,University of Belgrade,Serbia,,,,,,,,,免费评估
425,Jilin University,China,646.0,554.0,123.0,751.0,46.0,891.0,219.0,52.6,免费评估
425,Polytechnic University of Catalonia,Spain,646.0,554.0,123.0,751.0,46.0,891.0,219.0,52.6,免费评估
427,Dortmund University of Technology,Germany,646.0,554.0,123.0,751.0,46.0,891.0,219.0,52.6,免费评估
427,George Mason University,United States,646.0,554.0,123.0,751.0,46.0,891.0,219.0,52.6,免费评估
427,Keio University,Japan,646.0,554.0,123.0,751.0,46.0,891.0,219.0,52.6,免费评估
427,King Saud University,Saudi Arabia,646.0,554.0,123.0,751.0,46.0,891.0,219.0,52.6,免费评估
431,Hiroshima University,Japan,397.0,326.0,317.0,788.0,297.0,724.0,376.0,52.4,免费评估
431,阿拉巴马大学The University of Alabama,United States,397.0,326.0,317.0,788.0,297.0,724.0,376.0,52.4,免费评估
433,斯威本科技大学Swinburne University of Technology,Australia,397.0,326.0,317.0,788.0,297.0,724.0,376.0,52.4,免费评估
433,University of Ljubljana,Slovenia,397.0,326.0,317.0,788.0,297.0,724.0,376.0,52.4,免费评估
433,University of Potsdam,Germany,397.0,326.0,317.0,788.0,297.0,724.0,376.0,52.4,免费评估
433,南澳大学University of South Australia,Australia,397.0,326.0,317.0,788.0,297.0,724.0,376.0,52.4,免费评估
433,University of Stuttgart,Germany,397.0,326.0,317.0,788.0,297.0,724.0,376.0,52.4,免费评估
438,伦敦商学院London Business School,United Kingdom,397.0,326.0,317.0,788.0,297.0,724.0,376.0,52.4,免费评估
438,Philipps University of Marburg,Germany,397.0,326.0,317.0,788.0,297.0,724.0,376.0,52.4,免费评估
438,Rush University,United States,397.0,326.0,317.0,788.0,297.0,724.0,376.0,52.4,免费评估
438,Universite Nice Sophia Antipolis,France,639.0,757.0,502.0,630.0,430.0,424.0,459.0,52.2,免费评估
442,Tulane University,United States,639.0,757.0,502.0,630.0,430.0,424.0,459.0,52.2,免费评估
443,南卫理公会大学Southern Methodist University,United States,639.0,757.0,502.0,630.0,430.0,424.0,459.0,52.2,免费评估
444,East China Normal University,China,639.0,757.0,502.0,630.0,430.0,424.0,459.0,52.2,免费评估
444,Indian Institute of Technology Bombay,India,639.0,757.0,502.0,630.0,430.0,424.0,459.0,52.2,免费评估
444,National Cheng Kung University,Taiwan,639.0,757.0,502.0,630.0,430.0,424.0,459.0,52.2,免费评估
444,University of Texas--San Antonio,United States,639.0,757.0,502.0,630.0,430.0,424.0,459.0,52.2,免费评估
448,San Diego State University,United States,639.0,757.0,502.0,630.0,430.0,424.0,459.0,52.2,免费评估
448,Tokyo Metropolitan University,Japan,639.0,757.0,502.0,630.0,430.0,424.0,459.0,52.2,免费评估
448,University of Tehran,Iran,639.0,757.0,502.0,630.0,430.0,424.0,459.0,52.2,免费评估
451,Medical University of Graz,Austria,613.0,737.0,600.0,788.0,1119.0,288.0,501.0,51.7,免费评估
451,Saarland University,Germany,613.0,737.0,600.0,788.0,1119.0,288.0,501.0,51.7,免费评估
451,University of Catania,Italy,613.0,737.0,600.0,788.0,1119.0,288.0,501.0,51.7,免费评估
451,University of Chile,Chile,613.0,737.0,600.0,788.0,1119.0,288.0,501.0,51.7,免费评估
451,University of Minho,Portugal,613.0,737.0,600.0,788.0,1119.0,288.0,501.0,51.7,免费评估
456,National Central University,Taiwan,613.0,737.0,600.0,788.0,1119.0,288.0,501.0,51.7,免费评估
456,University of Crete,Greece,613.0,737.0,600.0,788.0,1119.0,288.0,501.0,51.7,免费评估
456,University of Zaragoza,Spain,613.0,737.0,600.0,788.0,1119.0,288.0,501.0,51.7,免费评估
459,Beihang University,China,613.0,737.0,600.0,788.0,1119.0,288.0,501.0,51.7,免费评估
459,Georgia State University,United States,613.0,737.0,600.0,788.0,1119.0,288.0,501.0,51.7,免费评估
459,Universidade Federal do ABC (UFABC),Brazil,1151.0,452.0,1090.0,925.0,1015.0,162.0,832.0,51.5,免费评估
459,Universidad Tecnica Federico Santa Maria,Chile,1151.0,452.0,1090.0,925.0,1015.0,162.0,832.0,51.5,免费评估
459,佛蒙特大学University of Vermont,United States,1151.0,452.0,1090.0,925.0,1015.0,162.0,832.0,51.5,免费评估
464,NUI Galway,Ireland,1151.0,452.0,1090.0,925.0,1015.0,162.0,832.0,51.5,免费评估
464,Rio de Janeiro State University,Brazil,1151.0,452.0,1090.0,925.0,1015.0,162.0,832.0,51.5,免费评估
464,萨里大学University of Surrey,United Kingdom,1151.0,452.0,1090.0,925.0,1015.0,162.0,832.0,51.5,免费评估
467,Hanyang University,South Korea,1151.0,452.0,1090.0,925.0,1015.0,162.0,832.0,51.5,免费评估
467,Medical College of Wisconsin,United States,1151.0,452.0,1090.0,925.0,1015.0,162.0,832.0,51.5,免费评估
467,Polytechnic University of Turin,Italy,1151.0,452.0,1090.0,925.0,1015.0,162.0,832.0,51.5,免费评估
467,University of Ferrara,Italy,1151.0,452.0,1090.0,925.0,1015.0,162.0,832.0,51.5,免费评估
471,弗林德斯大学Flinders University,Australia,603.0,108.0,513.0,313.0,1025.0,359.0,452.0,51.2,免费评估
472,Okayama University,Japan,603.0,108.0,513.0,313.0,1025.0,359.0,452.0,51.2,免费评估
472,Texas Tech University,United States,603.0,108.0,513.0,313.0,1025.0,359.0,452.0,51.2,免费评估
472,University College Cork,Ireland,603.0,108.0,513.0,313.0,1025.0,359.0,452.0,51.2,免费评估
472,University of Jyväskylä,Finland,603.0,108.0,513.0,313.0,1025.0,359.0,452.0,51.2,免费评估
472,University of Konstanz,Germany,603.0,108.0,513.0,313.0,1025.0,359.0,452.0,51.2,免费评估
477,Central South University,China,603.0,108.0,513.0,313.0,1025.0,359.0,452.0,51.2,免费评估
477,University of Bremen,Germany,603.0,108.0,513.0,313.0,1025.0,359.0,452.0,51.2,免费评估
477,惠灵顿维多利亚大学Victoria University of Wellington,New Zealand,603.0,108.0,513.0,313.0,1025.0,359.0,452.0,51.2,免费评估
480,Central China Normal University,China,603.0,108.0,513.0,313.0,1025.0,359.0,452.0,51.2,免费评估
480,Université de Rennes 1,France,545.0,620.0,405.0,658.0,381.0,547.0,412.0,50.9,免费评估
482,Ben-Gurion University of the Negev,Israel,545.0,620.0,405.0,658.0,381.0,547.0,412.0,50.9,免费评估
482,University of Tromsø,Norway,545.0,620.0,405.0,658.0,381.0,547.0,412.0,50.9,免费评估
482,University of Udine,Italy,545.0,620.0,405.0,658.0,381.0,547.0,412.0,50.9,免费评估
485,Beijing Institute of Technology,China,545.0,620.0,405.0,658.0,381.0,547.0,412.0,50.9,免费评估
486,Federal University of Minas Gerais,Brazil,545.0,620.0,405.0,658.0,381.0,547.0,412.0,50.9,免费评估
486,Lanzhou University,China,545.0,620.0,405.0,658.0,381.0,547.0,412.0,50.9,免费评估
486,Polytechnic University of Valencia,Spain,545.0,620.0,405.0,658.0,381.0,547.0,412.0,50.9,免费评估
486,皇家墨尔本理工大学Royal Melbourne Institute of Technology University,Australia,545.0,620.0,405.0,658.0,381.0,547.0,412.0,50.9,免费评估
486,Tilburg University,Netherlands,545.0,620.0,405.0,658.0,381.0,547.0,412.0,50.9,免费评估
486,University of Cyprus,Cyprus,987.0,711.0,922.0,499.0,517.0,119.0,689.0,50.6,免费评估
486,新罕布什尔大学University of New Hampshire,United States,987.0,711.0,922.0,499.0,517.0,119.0,689.0,50.6,免费评估
486,University of Wisconsin--Milwaukee,United States,987.0,711.0,922.0,499.0,517.0,119.0,689.0,50.6,免费评估
494,Oklahoma State University,United States,987.0,711.0,922.0,499.0,517.0,119.0,689.0,50.6,免费评估
494,Palacky University Olomouc,Czech Republic,987.0,711.0,922.0,499.0,517.0,119.0,689.0,50.6,免费评估
494,Tianjin University,China,987.0,711.0,922.0,499.0,517.0,119.0,689.0,50.6,免费评估
494,University of Seoul,South Korea,987.0,711.0,922.0,499.0,517.0,119.0,689.0,50.6,免费评估
498,Federal University of Rio Grande do Sul,Brazil,987.0,711.0,922.0,499.0,517.0,119.0,689.0,50.6,免费评估
498,National Chiao Tung University,Taiwan,987.0,711.0,922.0,499.0,517.0,119.0,689.0,50.6,免费评估
498,Roma Tre University,Italy,987.0,711.0,922.0,499.0,517.0,119.0,689.0,50.6,免费评估
498,Sichuan University,China,651.0,450.0,97.0,700.0,160.0,956.0,196.0,50.4,免费评估
498,University of Nova de Lisboa,Portugal,651.0,450.0,97.0,700.0,160.0,956.0,196.0,50.4,免费评估
498,University of Oviedo,Spain,651.0,450.0,97.0,700.0,160.0,956.0,196.0,50.4,免费评估
504,梅西大学Massey University,New Zealand,651.0,450.0,97.0,700.0,160.0,956.0,196.0,50.4,免费评估
505,卡尔顿大学Carleton University,Canada,651.0,450.0,97.0,700.0,160.0,956.0,196.0,50.4,免费评估
505,Eotvos Lorand University,Hungary,651.0,450.0,97.0,700.0,160.0,956.0,196.0,50.4,免费评估
505,National Technical University of Athens,Greece,651.0,450.0,97.0,700.0,160.0,956.0,196.0,50.4,免费评估
505,Shanghai University,China,651.0,450.0,97.0,700.0,160.0,956.0,196.0,50.4,免费评估
505,Soochow University,China,651.0,450.0,97.0,700.0,160.0,956.0,196.0,50.4,免费评估
505,University of Alaska--Fairbanks,United States,651.0,450.0,97.0,700.0,160.0,956.0,196.0,50.4,免费评估
511,Cairo University,Egypt,291.0,53.0,383.0,879.0,425.0,891.0,489.0,50.1,免费评估
511,Kyungpook National University,South Korea,291.0,53.0,383.0,879.0,425.0,891.0,489.0,50.1,免费评估
511,UNESP - Universidade Estadual Paulista,Brazil,291.0,53.0,383.0,879.0,425.0,891.0,489.0,50.1,免费评估
514,Kobe University,Japan,291.0,53.0,383.0,879.0,425.0,891.0,489.0,50.1,免费评估
514,思克莱德大学University of Strathclyde,United Kingdom,291.0,53.0,383.0,879.0,425.0,891.0,489.0,50.1,免费评估
516,Aveiro University,Portugal,291.0,53.0,383.0,879.0,425.0,891.0,489.0,50.1,免费评估
516,Comenius University in Bratislava,Slovakia,291.0,53.0,383.0,879.0,425.0,891.0,489.0,50.1,免费评估
516,Mahidol University,Thailand,291.0,53.0,383.0,879.0,425.0,891.0,489.0,50.1,免费评估
516,University of Graz,Austria,291.0,53.0,383.0,879.0,425.0,891.0,489.0,50.1,免费评估
516,University of Verona,Italy,291.0,53.0,383.0,879.0,425.0,891.0,489.0,50.1,免费评估
516,Vilnius University,Lithuania,667.0,443.0,673.0,630.0,443.0,623.0,660.0,49.9,免费评估
522,Ewha Womans University,South Korea,667.0,443.0,673.0,630.0,443.0,623.0,660.0,49.9,免费评估
523,Isfahan University of Technology,Iran,667.0,443.0,673.0,630.0,443.0,623.0,660.0,49.9,免费评估
523,Medical University of Innsbruck,Austria,667.0,443.0,673.0,630.0,443.0,623.0,660.0,49.9,免费评估
523,Saint Petersburg State University,Russia,667.0,443.0,673.0,630.0,443.0,623.0,660.0,49.9,免费评估
523,University of Pretoria,South Africa,667.0,443.0,673.0,630.0,443.0,623.0,660.0,49.9,免费评估
527,拉夫堡大学Loughborough University,United Kingdom,667.0,443.0,673.0,630.0,443.0,623.0,660.0,49.9,免费评估
527,University of Nantes,France,667.0,443.0,673.0,630.0,443.0,623.0,660.0,49.9,免费评估
527,University of Navarra,Spain,667.0,443.0,673.0,630.0,443.0,623.0,660.0,49.9,免费评估
530,Bielefeld University,Germany,667.0,443.0,673.0,630.0,443.0,623.0,660.0,49.9,免费评估
530,East China University of Science and Technology,China,903.0,915.0,321.0,678.0,435.0,623.0,356.0,49.4,免费评估
530,Kyung Hee University,South Korea,903.0,915.0,321.0,678.0,435.0,623.0,356.0,49.4,免费评估
530,University of Maryland--Baltimore County,United States,903.0,915.0,321.0,678.0,435.0,623.0,356.0,49.4,免费评估
530,University of Tampere,Finland,903.0,915.0,321.0,678.0,435.0,623.0,356.0,49.4,免费评估
535,Czech Technical University in Prague,Czech Republic,903.0,915.0,321.0,678.0,435.0,623.0,356.0,49.4,免费评估
535,Hunan University,China,903.0,915.0,321.0,678.0,435.0,623.0,356.0,49.4,免费评估
535,拉筹伯大学La Trobe University,Australia,903.0,915.0,321.0,678.0,435.0,623.0,356.0,49.4,免费评估
535,Novosibirsk State University,Russia,903.0,915.0,321.0,678.0,435.0,623.0,356.0,49.4,免费评估
539,Hong Kong Baptist University,Hong Kong,903.0,915.0,321.0,678.0,435.0,623.0,356.0,49.4,免费评估
539,Quaid I Azam University,Pakistan,903.0,915.0,321.0,678.0,435.0,623.0,356.0,49.4,免费评估
539,St. Louis University,United States,680.0,740.0,588.0,392.0,1053.0,197.0,468.0,49.1,免费评估
539,斯望西大学Swansea University,United Kingdom,680.0,740.0,588.0,392.0,1053.0,197.0,468.0,49.1,免费评估
543,Catholic University of Sacred Heart,Italy,680.0,740.0,588.0,392.0,1053.0,197.0,468.0,49.1,免费评估
543,Renmin University of China,China,,,,,,,,,免费评估
543,University of Bayreuth,Germany,493.0,676.0,650.0,532.0,910.0,529.0,602.0,48.9,免费评估
543,University of Hannover,Germany,493.0,676.0,650.0,532.0,910.0,529.0,602.0,48.9,免费评估
547,University of Louisville,United States,493.0,676.0,650.0,532.0,910.0,529.0,602.0,48.9,免费评估
548,Bar-Ilan University,Israel,493.0,676.0,650.0,532.0,910.0,529.0,602.0,48.9,免费评估
548,University of Split,Croatia,493.0,676.0,650.0,532.0,910.0,529.0,602.0,48.9,免费评估
550,Hacettepe University,Turkey,493.0,676.0,650.0,532.0,910.0,529.0,602.0,48.9,免费评估
550,University of Johannesburg,South Africa,569.0,55.0,802.0,591.0,468.0,574.0,739.0,48.6,免费评估
550,University of Salamanca,Spain,569.0,55.0,802.0,591.0,468.0,574.0,739.0,48.6,免费评估
553,Old Dominion University,United States,,,,,,,,,免费评估
553,University of Massachusetts Boston,United States,62.0,201.0,1020.0,340.0,1027.0,424.0,877.0,48.4,免费评估
553,萨省大学University of Saskatchewan,Canada,62.0,201.0,1020.0,340.0,1027.0,424.0,877.0,48.4,免费评估
553,University of Seville,Spain,,,,,,,,,免费评估
557,Ankara University,Turkey,256.0,188.0,472.0,925.0,726.0,1067.0,628.0,48.3,免费评估
557,Utah State University,United States,256.0,188.0,472.0,925.0,726.0,1067.0,628.0,48.3,免费评估
559,Open University,United Kingdom,,,,,,,,,免费评估
559,University of Debrecen,Hungary,671.0,439.0,666.0,678.0,793.0,547.0,634.0,48.2,免费评估
559,University of Fribourg,Switzerland,570.0,653.0,939.0,532.0,1021.0,334.0,770.0,48.2,免费评估
559,University of Modena and Reggio Emilia,Italy,570.0,653.0,939.0,532.0,1021.0,334.0,770.0,48.2,免费评估
559,University of Rostock,Germany,,,,,,,,,免费评估
564,Northern Illinois University,United States,877.0,1003.0,871.0,403.0,1036.0,206.0,682.0,48.1,免费评估
564,Université du Québec à Montréal,Canada,877.0,1003.0,871.0,403.0,1036.0,206.0,682.0,48.1,免费评估
564,University of Lille I,France,,,,,,,,,免费评估
564,University of Mannheim,Germany,297.0,321.0,1165.0,678.0,955.0,119.0,876.0,48.1,免费评估
564,University of Mons,Belgium,297.0,321.0,1165.0,678.0,955.0,119.0,876.0,48.1,免费评估
569,Babeş-Bolyai University,Romania,,,,,,,,,免费评估
569,Chonnam National University,South Korea,852.0,753.0,334.0,1077.0,894.0,724.0,396.0,48.0,免费评估
569,威廉与玛丽学院College of William and Mary,United States,827.0,778.0,832.0,321.0,948.0,215.0,668.0,48.0,免费评估
569,Federal University of São Paulo,Brazil,827.0,778.0,832.0,321.0,948.0,215.0,668.0,48.0,免费评估
569,Makerere University,Uganda,827.0,778.0,832.0,321.0,948.0,215.0,668.0,48.0,免费评估
574,班戈大学Bangor University,United Kingdom,827.0,778.0,832.0,321.0,948.0,215.0,668.0,48.0,免费评估
574,Heriot Watt University,United Kingdom,827.0,778.0,832.0,321.0,948.0,215.0,668.0,48.0,免费评估
576,阿伯里斯特维斯大学Aberystwyth University,United Kingdom,827.0,778.0,832.0,321.0,948.0,215.0,668.0,48.0,免费评估
576,Koc University - Turkey,Turkey,827.0,778.0,832.0,321.0,948.0,215.0,668.0,48.0,免费评估
576,Lappeenranta University of Technology,Finland,827.0,778.0,832.0,321.0,948.0,215.0,668.0,48.0,免费评估
576,Universiti Sains Malaysia,Malaysia,827.0,778.0,832.0,321.0,948.0,215.0,668.0,48.0,免费评估
576,University of Rovira i Virgili,Spain,827.0,778.0,832.0,321.0,948.0,215.0,668.0,48.0,免费评估
581,Chulalongkorn University,Thailand,294.0,194.0,440.0,630.0,320.0,925.0,543.0,47.7,免费评估
581,Kent State University,United States,294.0,194.0,440.0,630.0,320.0,925.0,543.0,47.7,免费评估
581,赫特福德大学University of Hertfordshire,United Kingdom,294.0,194.0,440.0,630.0,320.0,925.0,543.0,47.7,免费评估
584,Augusta University,United States,294.0,194.0,440.0,630.0,320.0,925.0,543.0,47.7,免费评估
584,Benemerita Universidad Autonoma de Puebla,Mexico,294.0,194.0,440.0,630.0,320.0,925.0,543.0,47.7,免费评估
584,Brigham Young University--Provo,United States,294.0,194.0,440.0,630.0,320.0,925.0,543.0,47.7,免费评估
584,Ecole Superieure de Physique et de Chimie Industrielles de la Ville de Paris,France,294.0,194.0,440.0,630.0,320.0,925.0,543.0,47.7,免费评估
584,INSEAD Business School,France,294.0,194.0,440.0,630.0,320.0,925.0,543.0,47.7,免费评估
584,National University La Plata,Argentina,294.0,194.0,440.0,630.0,320.0,925.0,543.0,47.7,免费评估
584,University of Electronic Science and Technology of China,China,294.0,194.0,440.0,630.0,320.0,925.0,543.0,47.7,免费评估
584,University of Ioannina,Greece,1095.0,1018.0,679.0,751.0,802.0,345.0,573.0,47.5,免费评估
584,朴茨茅斯大学University of Portsmouth,United Kingdom,1095.0,1018.0,679.0,751.0,802.0,345.0,573.0,47.5,免费评估
593,Ege University,Turkey,1095.0,1018.0,679.0,751.0,802.0,345.0,573.0,47.5,免费评估
593,Warsaw University of Technology,Poland,1095.0,1018.0,679.0,751.0,802.0,345.0,573.0,47.5,免费评估
595,Chiba University,Japan,1095.0,1018.0,679.0,751.0,802.0,345.0,573.0,47.5,免费评估
595,University of Calabria,Italy,1095.0,1018.0,679.0,751.0,802.0,345.0,573.0,47.5,免费评估
595,University of Parma,Italy,1095.0,1018.0,679.0,751.0,802.0,345.0,573.0,47.5,免费评估
598,克莱姆森大学Clemson University (CU),United States,1095.0,1018.0,679.0,751.0,802.0,345.0,573.0,47.5,免费评估
598,伊利诺理工学院Illinois Institute of Technology,United States,1095.0,1018.0,679.0,751.0,802.0,345.0,573.0,47.5,免费评估
598,Masaryk University,Czech Republic,1095.0,1018.0,679.0,751.0,802.0,345.0,573.0,47.5,免费评估
601,Amirkabir University of Technology (AUT),Iran,385.0,403.0,400.0,788.0,265.0,881.0,495.0,47.1,免费评估
601,Norwegian University of Life Sciences,Norway,385.0,403.0,400.0,788.0,265.0,881.0,495.0,47.1,免费评估
601,University of Wyoming,United States,385.0,403.0,400.0,788.0,265.0,881.0,495.0,47.1,免费评估
604,Indian Institute of Technology Delhi,India,385.0,403.0,400.0,788.0,265.0,881.0,495.0,47.1,免费评估
604,Pusan National University,South Korea,385.0,403.0,400.0,788.0,265.0,881.0,495.0,47.1,免费评估
606,Indian Institute of Technology Madras,India,385.0,403.0,400.0,788.0,265.0,881.0,495.0,47.1,免费评估
606,University of Cagliari,Italy,385.0,403.0,400.0,788.0,265.0,881.0,495.0,47.1,免费评估
606,University of Texas Medical Branch--Galveston,United States,385.0,403.0,400.0,788.0,265.0,881.0,495.0,47.1,免费评估
606,University of Ulsan,South Korea,385.0,403.0,400.0,788.0,265.0,881.0,495.0,47.1,免费评估
606,University of Zagreb,Croatia,385.0,403.0,400.0,788.0,265.0,881.0,495.0,47.1,免费评估
606,West Virginia University,United States,770.0,778.0,488.0,403.0,575.0,602.0,494.0,46.9,免费评估
606,Wuhan University of Technology,China,770.0,778.0,488.0,403.0,575.0,602.0,494.0,46.9,免费评估
613,Gwangju Institute of Science and Technology,South Korea,770.0,778.0,488.0,403.0,575.0,602.0,494.0,46.9,免费评估
613,Martin Luther University of Halle-Wittenberg,Germany,770.0,778.0,488.0,403.0,575.0,602.0,494.0,46.9,免费评估
613,埃塞克斯大学University of Essex,United Kingdom,770.0,778.0,488.0,403.0,575.0,602.0,494.0,46.9,免费评估
613,维多利亚大学Victoria University,Australia,770.0,778.0,488.0,403.0,575.0,602.0,494.0,46.9,免费评估
617,AGH University of Science & Technology,Poland,770.0,778.0,488.0,403.0,575.0,602.0,494.0,46.9,免费评估
617,Liverpool John Moores University (LJMU),United Kingdom,770.0,778.0,488.0,403.0,575.0,602.0,494.0,46.9,免费评估
619,Ernst Moritz Arndt Universitat Greifswald,Germany,770.0,778.0,488.0,403.0,575.0,602.0,494.0,46.9,免费评估
619,Istanbul University,Turkey,770.0,778.0,488.0,403.0,575.0,602.0,494.0,46.9,免费评估
619,利哈伊大学Lehigh University,United States,523.0,727.0,846.0,307.0,458.0,513.0,754.0,46.6,免费评估
619,Polytechnic University of Madrid,Spain,523.0,727.0,846.0,307.0,458.0,513.0,754.0,46.6,免费评估
619,University of Lubeck,Germany,523.0,727.0,846.0,307.0,458.0,513.0,754.0,46.6,免费评估
624,University of Salerno,Italy,523.0,727.0,846.0,307.0,458.0,513.0,754.0,46.6,免费评估
625,Aligarh Muslim University,India,523.0,727.0,846.0,307.0,458.0,513.0,754.0,46.6,免费评估
625,CentraleSupelec,France,523.0,727.0,846.0,307.0,458.0,513.0,754.0,46.6,免费评估
625,莫道克大学Murdoch University,Australia,523.0,727.0,846.0,307.0,458.0,513.0,754.0,46.6,免费评估
625,丹佛大学University of Denver,United States,523.0,727.0,846.0,307.0,458.0,513.0,754.0,46.6,免费评估
629,Indian Institute of Technology Kharagpur,India,523.0,727.0,846.0,307.0,458.0,513.0,754.0,46.6,免费评估
629,Islamic Azad University Karaj,Iran,523.0,727.0,846.0,307.0,458.0,513.0,754.0,46.6,免费评估
629,Tokyo Medical and Dental University,Japan,263.0,370.0,569.0,988.0,1127.0,682.0,585.0,46.3,免费评估
629,肯特大学University of Kent,United Kingdom,263.0,370.0,569.0,988.0,1127.0,682.0,585.0,46.3,免费评估
629,University of Salento,Italy,263.0,370.0,569.0,988.0,1127.0,682.0,585.0,46.3,免费评估
634,Moscow Institute of Physics,Russia,263.0,370.0,569.0,988.0,1127.0,682.0,585.0,46.3,免费评估
634,University of Brescia,Italy,263.0,370.0,569.0,988.0,1127.0,682.0,585.0,46.3,免费评估
634,University of North Texas,United States,263.0,370.0,569.0,988.0,1127.0,682.0,585.0,46.3,免费评估
637,Ecole Pratique des Hautes Etudes,France,263.0,370.0,569.0,988.0,1127.0,682.0,585.0,46.3,免费评估
637,University of Bodenkultur Wien,Austria,263.0,370.0,569.0,988.0,1127.0,682.0,585.0,46.3,免费评估
639,Birkbeck University London,United Kingdom,263.0,370.0,569.0,988.0,1127.0,682.0,585.0,46.3,免费评估
639,MINES ParisTech,France,263.0,370.0,569.0,988.0,1127.0,682.0,585.0,46.3,免费评估
639,Universidad Autonoma de San Luis Potosi,Mexico,1091.0,334.0,1079.0,1077.0,955.0,279.0,871.0,46.0,免费评估
639,Universiti Teknologi Malaysia,Malaysia,1091.0,334.0,1079.0,1077.0,955.0,279.0,871.0,46.0,免费评估
643,Montana State University,United States,1091.0,334.0,1079.0,1077.0,955.0,279.0,871.0,46.0,免费评估
643,University of Palermo,Italy,1091.0,334.0,1079.0,1077.0,955.0,279.0,871.0,46.0,免费评估
645,CUNY--City College,United States,1091.0,334.0,1079.0,1077.0,955.0,279.0,871.0,46.0,免费评估
645,Indian Institute of Technology Kanpur,India,1091.0,334.0,1079.0,1077.0,955.0,279.0,871.0,46.0,免费评估
645,谢布克大学University of Sherbrooke,Canada,1091.0,334.0,1079.0,1077.0,955.0,279.0,871.0,46.0,免费评估
648,University Hohenheim,Germany,1091.0,334.0,1079.0,1077.0,955.0,279.0,871.0,46.0,免费评估
648,University of Burgundy,France,1091.0,334.0,1079.0,1077.0,955.0,279.0,871.0,46.0,免费评估
650,康考迪亚大学Concordia University,Canada,1091.0,334.0,1079.0,1077.0,955.0,279.0,871.0,46.0,免费评估
650,University of Arkansas,United States,593.0,736.0,624.0,385.0,604.0,655.0,624.0,45.6,免费评估
652,奥本大学Auburn University,United States,593.0,736.0,624.0,385.0,604.0,655.0,624.0,45.6,免费评估
652,Donghua University,China,593.0,736.0,624.0,385.0,604.0,655.0,624.0,45.6,免费评估
652,芝加哥洛约拉大学Loyola University Chicago,United States,593.0,736.0,624.0,385.0,604.0,655.0,624.0,45.6,免费评估
652,New Mexico State University,United States,593.0,736.0,624.0,385.0,604.0,655.0,624.0,45.6,免费评估
652,Northern Arizona University,United States,593.0,736.0,624.0,385.0,604.0,655.0,624.0,45.6,免费评估
652,Shinshu University,Japan,593.0,736.0,624.0,385.0,604.0,655.0,624.0,45.6,免费评估
652,University of Science & Technology Beijing,China,593.0,736.0,624.0,385.0,604.0,655.0,624.0,45.6,免费评估
659,Chonbuk National University,South Korea,593.0,736.0,624.0,385.0,604.0,655.0,624.0,45.6,免费评估
660,Beijing Jiaotong University,China,593.0,736.0,624.0,385.0,604.0,655.0,624.0,45.6,免费评估
660,Blaise Pascal University,France,1084.0,1164.0,893.0,925.0,909.0,252.0,716.0,45.3,免费评估
660,Graz University of Technology,Austria,1084.0,1164.0,893.0,925.0,909.0,252.0,716.0,45.3,免费评估
663,National Sun Yat-Sen University,Taiwan,1084.0,1164.0,893.0,925.0,909.0,252.0,716.0,45.3,免费评估
663,Universitat de les Illes Balears,Spain,,,,,,,,,免费评估
663,赫尔大学University of Hull,United Kingdom,715.0,838.0,655.0,85.0,1021.0,602.0,633.0,45.2,免费评估
666,纽芬兰纪念大学Memorial University of Newfoundland,Canada,715.0,838.0,655.0,85.0,1021.0,602.0,633.0,45.2,免费评估
666,Nanjing Agricultural University,China,715.0,838.0,655.0,85.0,1021.0,602.0,633.0,45.2,免费评估
666,爱达荷大学University of Idaho,United States,,,,,,,,,免费评估
666,University of Rhode Island,United States,631.0,801.0,868.0,532.0,838.0,513.0,766.0,45.1,免费评估
670,Universiti Putra Malaysia,Malaysia,631.0,801.0,868.0,532.0,838.0,513.0,766.0,45.1,免费评估
671,University of Missouri--Kansas City,United States,889.0,975.0,757.0,419.0,980.0,379.0,665.0,44.9,免费评估
671,怀卡托大学The university of Waikato,New Zealand,889.0,975.0,757.0,419.0,980.0,379.0,665.0,44.9,免费评估
673,Ohio University,United States,889.0,975.0,757.0,419.0,980.0,379.0,665.0,44.9,免费评估
673,University of Delhi,India,,,,,,,,,免费评估
675,Fuzhou University,China,977.0,1068.0,724.0,1077.0,336.0,345.0,621.0,44.6,免费评估
676,Chongqing University,China,977.0,1068.0,724.0,1077.0,336.0,345.0,621.0,44.6,免费评估
676,Michigan Technological University,United States,977.0,1068.0,724.0,1077.0,336.0,345.0,621.0,44.6,免费评估
676,University of Sofia,Bulgaria,977.0,1068.0,724.0,1077.0,336.0,345.0,621.0,44.6,免费评估
679,基尔大学Keele University,United Kingdom,977.0,1068.0,724.0,1077.0,336.0,345.0,621.0,44.6,免费评估
679,Universitat de Girona,Spain,977.0,1068.0,724.0,1077.0,336.0,345.0,621.0,44.6,免费评估
679,University of Oklahoma - Oklahoma City,United States,721.0,930.0,701.0,925.0,1206.0,334.0,588.0,44.4,免费评估
682,Federal University of Santa Catarina,Brazil,721.0,930.0,701.0,925.0,1206.0,334.0,588.0,44.4,免费评估
682,Semmelweis University,Hungary,721.0,930.0,701.0,925.0,1206.0,334.0,588.0,44.4,免费评估
682,University of Nevada--Reno,United States,721.0,930.0,701.0,925.0,1206.0,334.0,588.0,44.4,免费评估
685,Ain Shams University,Egypt,721.0,930.0,701.0,925.0,1206.0,334.0,588.0,44.4,免费评估
685,Banaras Hindu University,India,721.0,930.0,701.0,925.0,1206.0,334.0,588.0,44.4,免费评估
687,伦敦城市大学City University London,United Kingdom,721.0,930.0,701.0,925.0,1206.0,334.0,588.0,44.4,免费评估
687,Jacobs University,Germany,721.0,930.0,701.0,925.0,1206.0,334.0,588.0,44.4,免费评估
687,Northeastern University - China,China,721.0,930.0,701.0,925.0,1206.0,334.0,588.0,44.4,免费评估
687,University of California Merced,United States,721.0,930.0,701.0,925.0,1206.0,334.0,588.0,44.4,免费评估
691,Binghamton University--SUNY,United States,542.0,669.0,917.0,362.0,566.0,559.0,831.0,44.0,免费评估
691,Gyeongsang National University,South Korea,542.0,669.0,917.0,362.0,566.0,559.0,831.0,44.0,免费评估
691,National Taiwan University of Science and Technology,Taiwan,,,,,,,,,免费评估
691,新英格兰大学University of New England,Australia,614.0,273.0,915.0,369.0,1115.0,559.0,827.0,44.0,免费评估
695,阿斯顿大学Aston University,United Kingdom,614.0,273.0,915.0,369.0,1115.0,559.0,827.0,44.0,免费评估
695,Institut National Polytechnique de Toulouse,France,,,,,,,,,免费评估
695,Tampere University of Technology,Finland,560.0,646.0,892.0,557.0,176.0,559.0,814.0,43.9,免费评估
695,University of La Laguna,Spain,560.0,646.0,892.0,557.0,176.0,559.0,814.0,43.9,免费评估
695,University of Patras,Greece,,,,,,,,,免费评估
700,Cukurova University,Turkey,751.0,551.0,803.0,988.0,1010.0,825.0,830.0,43.8,免费评估
700,Ocean University of China,China,803.0,915.0,545.0,1077.0,349.0,841.0,618.0,43.8,免费评估
700,University of Haifa,Israel,803.0,915.0,545.0,1077.0,349.0,841.0,618.0,43.8,免费评估
700,University of Maine,United States,,,,,,,,,免费评估
700,University of Paris Sorbonne - Paris IV,France,82.0,237.0,954.0,532.0,863.0,752.0,933.0,43.8,免费评估
705,University of Vigo,Spain,82.0,237.0,954.0,532.0,863.0,752.0,933.0,43.8,免费评估
706,China Medical University Taiwan,Taiwan,,,,,,,,,免费评估
706,埃迪斯科文大学Edith Cowan University,Australia,861.0,405.0,1122.0,575.0,975.0,445.0,953.0,43.6,免费评估
706,Indian Institute of Technology (IIT) - Roorkee,India,861.0,405.0,1122.0,575.0,975.0,445.0,953.0,43.6,免费评估
706,Jiangnan University,China,,,,,,,,,免费评估
706,Marche Polytechnic University,Italy,1042.0,1061.0,734.0,678.0,460.0,417.0,649.0,43.6,免费评估
706,Mersin University,Turkey,883.0,950.0,1152.0,988.0,1109.0,547.0,999.0,43.6,免费评估
706,Southwest University - China,China,883.0,950.0,1152.0,988.0,1109.0,547.0,999.0,43.6,免费评估
713,Braunschweig University of Technology,Germany,883.0,950.0,1152.0,988.0,1109.0,547.0,999.0,43.6,免费评估
713,Johannes Kepler University of Linz,Austria,883.0,950.0,1152.0,988.0,1109.0,547.0,999.0,43.6,免费评估
713,Maynooth University,Ireland,883.0,950.0,1152.0,988.0,1109.0,547.0,999.0,43.6,免费评估
713,National Institute for Applied Sciences - Lyon,France,883.0,950.0,1152.0,988.0,1109.0,547.0,999.0,43.6,免费评估
713,University of Akron,United States,883.0,950.0,1152.0,988.0,1109.0,547.0,999.0,43.6,免费评估
718,Missouri University of Science & Technology,United States,883.0,950.0,1152.0,988.0,1109.0,547.0,999.0,43.6,免费评估
718,University of Brasilia,Brazil,883.0,950.0,1152.0,988.0,1109.0,547.0,999.0,43.6,免费评估
718,University of Concepción,Chile,883.0,950.0,1152.0,988.0,1109.0,547.0,999.0,43.6,免费评估
718,斯特林大学University of Stirling,United Kingdom,551.0,872.0,861.0,289.0,1119.0,474.0,749.0,43.4,免费评估
718,Yildiz Teknik University,Turkey,551.0,872.0,861.0,289.0,1119.0,474.0,749.0,43.4,免费评估
723,Otto von Guericke University,Germany,551.0,872.0,861.0,289.0,1119.0,474.0,749.0,43.4,免费评估
724,奥克兰理工大学Auckland University of Technology,New Zealand,551.0,872.0,861.0,289.0,1119.0,474.0,749.0,43.4,免费评估
724,Capital Medical University,China,551.0,872.0,861.0,289.0,1119.0,474.0,749.0,43.4,免费评估
724,Iran University Science & Technology,Iran,551.0,872.0,861.0,289.0,1119.0,474.0,749.0,43.4,免费评估
724,Universidad Carlos III de Madrid,Spain,551.0,872.0,861.0,289.0,1119.0,474.0,749.0,43.4,免费评估
728,University of Orleans,France,551.0,872.0,861.0,289.0,1119.0,474.0,749.0,43.4,免费评估
728,University of Paris-Est Creteil,France,551.0,872.0,861.0,289.0,1119.0,474.0,749.0,43.4,免费评估
730,克兰菲尔德大学Cranfield University,United Kingdom,551.0,872.0,861.0,289.0,1119.0,474.0,749.0,43.4,免费评估
730,National Yang-Ming University,Taiwan,698.0,616.0,348.0,988.0,1059.0,891.0,451.0,43.0,免费评估
730,University of Luxembourg,Luxembourg,698.0,616.0,348.0,988.0,1059.0,891.0,451.0,43.0,免费评估
733,University of Bucharest,Romania,698.0,616.0,348.0,988.0,1059.0,891.0,451.0,43.0,免费评估
733,University of Wrocław,Poland,698.0,616.0,348.0,988.0,1059.0,891.0,451.0,43.0,免费评估
735,China University of Geosciences,China,698.0,616.0,348.0,988.0,1059.0,891.0,451.0,43.0,免费评估
735,King Fahd University of Petroleum and Minerals (KFUPM),Saudi Arabia,698.0,616.0,348.0,988.0,1059.0,891.0,451.0,43.0,免费评估
735,Nanjing University of Aeronautics and Astronautics,China,698.0,616.0,348.0,988.0,1059.0,891.0,451.0,43.0,免费评估
735,"Northwest University, Xi'an",China,698.0,616.0,348.0,988.0,1059.0,891.0,451.0,43.0,免费评估
735,Universite de Haute-Alsace (UHA),France,698.0,616.0,348.0,988.0,1059.0,891.0,451.0,43.0,免费评估
740,American University of Beirut,Lebanon,698.0,616.0,348.0,988.0,1059.0,891.0,451.0,43.0,免费评估
740,Beijing University of Chemical Technology,China,913.0,867.0,493.0,824.0,393.0,714.0,529.0,42.6,免费评估
740,Carl von Ossietzky Universitat Oldenburg,Germany,913.0,867.0,493.0,824.0,393.0,714.0,529.0,42.6,免费评估
740,Mississippi State University,United States,913.0,867.0,493.0,824.0,393.0,714.0,529.0,42.6,免费评估
740,University of Nevada--Las Vegas,United States,913.0,867.0,493.0,824.0,393.0,714.0,529.0,42.6,免费评估
745,Graduate University for Advanced Studies - Japan,Japan,913.0,867.0,493.0,824.0,393.0,714.0,529.0,42.6,免费评估
745,Huazhong Agricultural University,China,913.0,867.0,493.0,824.0,393.0,714.0,529.0,42.6,免费评估
745,Ritsumeikan University,Japan,913.0,867.0,493.0,824.0,393.0,714.0,529.0,42.6,免费评估
745,Tehran University of Medical Sciences,Iran,913.0,867.0,493.0,824.0,393.0,714.0,529.0,42.6,免费评估
745,University of the Western Cape,South Africa,913.0,867.0,493.0,824.0,393.0,714.0,529.0,42.6,免费评估
750,Osaka City University,Japan,913.0,867.0,493.0,824.0,393.0,714.0,529.0,42.6,免费评估
750,Polytechnic University of Bucharest,Romania,583.0,350.0,575.0,824.0,79.0,1095.0,734.0,42.4,免费评估
750,University of Paris Nord - Paris XIII,France,583.0,350.0,575.0,824.0,79.0,1095.0,734.0,42.4,免费评估
753,University of London Royal Veterinary College,United Kingdom,583.0,350.0,575.0,824.0,79.0,1095.0,734.0,42.4,免费评估
754,Chang Gung University,Taiwan,583.0,350.0,575.0,824.0,79.0,1095.0,734.0,42.4,免费评估
754,Ecole Nationale Superieure de Chimie de Paris,France,583.0,350.0,575.0,824.0,79.0,1095.0,734.0,42.4,免费评估
754,University of Macau,Macau,583.0,350.0,575.0,824.0,79.0,1095.0,734.0,42.4,免费评估
757,Tarbiat Modares University,Iran,583.0,350.0,575.0,824.0,79.0,1095.0,734.0,42.4,免费评估
757,University of Eastern Piedmont Amedeo Avogadro,Italy,583.0,350.0,575.0,824.0,79.0,1095.0,734.0,42.4,免费评估
757,University of North Carolina Charlotte,United States,583.0,350.0,575.0,824.0,79.0,1095.0,734.0,42.4,免费评估
760,Creighton University,United States,583.0,350.0,575.0,824.0,79.0,1095.0,734.0,42.4,免费评估
760,Gazi University,Turkey,383.0,416.0,447.0,824.0,620.0,1125.0,641.0,42.0,免费评估
760,National Polytechnic Institute,Mexico,383.0,416.0,447.0,824.0,620.0,1125.0,641.0,42.0,免费评估
760,阿尔斯特大学Ulster University,United Kingdom,383.0,416.0,447.0,824.0,620.0,1125.0,641.0,42.0,免费评估
760,University of Toledo,United States,383.0,416.0,447.0,824.0,620.0,1125.0,641.0,42.0,免费评估
765,Alexandria University,Egypt,383.0,416.0,447.0,824.0,620.0,1125.0,641.0,42.0,免费评估
765,Dublin City University,Ireland,383.0,416.0,447.0,824.0,620.0,1125.0,641.0,42.0,免费评估
765,Universitat Jaume I,Spain,383.0,416.0,447.0,824.0,620.0,1125.0,641.0,42.0,免费评估
768,Howard University,United States,383.0,416.0,447.0,824.0,620.0,1125.0,641.0,42.0,免费评估
768,Polytechnique Montreal,Canada,383.0,416.0,447.0,824.0,620.0,1125.0,641.0,42.0,免费评估
768,Salzburg University,Austria,383.0,416.0,447.0,824.0,620.0,1125.0,641.0,42.0,免费评估
768,University of Augsburg,Germany,778.0,995.0,1174.0,517.0,848.0,445.0,982.0,41.7,免费评估
772,All India Institute of Medical Sciences,India,778.0,995.0,1174.0,517.0,848.0,445.0,982.0,41.7,免费评估
772,Jadavpur University,India,778.0,995.0,1174.0,517.0,848.0,445.0,982.0,41.7,免费评估
772,Tokyo University of Science,Japan,778.0,995.0,1174.0,517.0,848.0,445.0,982.0,41.7,免费评估
772,University of Lille II,France,778.0,995.0,1174.0,517.0,848.0,445.0,982.0,41.7,免费评估
772,University of Neuchatel,Switzerland,778.0,995.0,1174.0,517.0,848.0,445.0,982.0,41.7,免费评估
777,"迈阿密大学牛津分校Miami University,Oxford",United States,778.0,995.0,1174.0,517.0,848.0,445.0,982.0,41.7,免费评估
777,New Jersey Institute of Technology,United States,778.0,995.0,1174.0,517.0,848.0,445.0,982.0,41.7,免费评估
777,University of Missouri Saint Louis,United States,778.0,995.0,1174.0,517.0,848.0,445.0,982.0,41.7,免费评估
777,University of Tabriz,Iran,778.0,995.0,1174.0,517.0,848.0,445.0,982.0,41.7,免费评估
781,Hefei University of Technology,China,1007.0,1068.0,825.0,1077.0,223.0,636.0,777.0,41.3,免费评估
781,University of Picardie-Jules-Verne,France,1007.0,1068.0,825.0,1077.0,223.0,636.0,777.0,41.3,免费评估
783,Fourth Military Medical University,China,1007.0,1068.0,825.0,1077.0,223.0,636.0,777.0,41.3,免费评估
783,Kanazawa University,Japan,,,,,,,,,免费评估
783,National University of Malaysia,Malaysia,331.0,236.0,478.0,473.0,54.0,1192.0,702.0,41.2,免费评估
786,Niigata University,Japan,331.0,236.0,478.0,473.0,54.0,1192.0,702.0,41.2,免费评估
787,Portland State University,United States,331.0,236.0,478.0,473.0,54.0,1192.0,702.0,41.2,免费评估
787,Rochester Institute of Technology,United States,,,,,,,,,免费评估
787,University of Murcia,Spain,774.0,796.0,537.0,729.0,698.0,809.0,600.0,41.0,免费评估
787,University of Szeged,Hungary,774.0,796.0,537.0,729.0,698.0,809.0,600.0,41.0,免费评估
791,Hasselt University,Belgium,1015.0,940.0,995.0,700.0,967.0,459.0,861.0,40.9,免费评估
791,University of Alabama--Huntsville,United States,1015.0,940.0,995.0,700.0,967.0,459.0,861.0,40.9,免费评估
791,University of Kaiserslautern,Germany,1015.0,940.0,995.0,700.0,967.0,459.0,861.0,40.9,免费评估
791,里贾纳大学University of Regina,Canada,1015.0,940.0,995.0,700.0,967.0,459.0,861.0,40.9,免费评估
795,Federal University of Sao Carlos,Brazil,1015.0,940.0,995.0,700.0,967.0,459.0,861.0,40.9,免费评估
795,Universidad de Cantabria,Spain,1015.0,940.0,995.0,700.0,967.0,459.0,861.0,40.9,免费评估
797,Adam Mickiewicz University,Poland,1015.0,940.0,995.0,700.0,967.0,459.0,861.0,40.9,免费评估
797,Federal University of Paraná,Brazil,1015.0,940.0,995.0,700.0,967.0,459.0,861.0,40.9,免费评估
797,Inha University,South Korea,1015.0,940.0,995.0,700.0,967.0,459.0,861.0,40.9,免费评估
797,University of Aquila,Italy,1015.0,940.0,995.0,700.0,967.0,459.0,861.0,40.9,免费评估
801,Universite Paul-Valery Montpellier 3,France,1037.0,1126.0,1043.0,658.0,607.0,445.0,901.0,40.6,免费评估
801,University of Basilicata,Italy,1037.0,1126.0,1043.0,658.0,607.0,445.0,901.0,40.6,免费评估
803,查尔斯达尔文大学Charles Darwin University,Australia,1037.0,1126.0,1043.0,658.0,607.0,445.0,901.0,40.6,免费评估
803,Federal University of Pernambuco,Brazil,1037.0,1126.0,1043.0,658.0,607.0,445.0,901.0,40.6,免费评估
803,Northwestern Polytechnical University,China,1037.0,1126.0,1043.0,658.0,607.0,445.0,901.0,40.6,免费评估
803,University of Maribor,Slovenia,1037.0,1126.0,1043.0,658.0,607.0,445.0,901.0,40.6,免费评估
807,Beijing Forestry University,China,1037.0,1126.0,1043.0,658.0,607.0,445.0,901.0,40.6,免费评估
807,New York Medical College,United States,1037.0,1126.0,1043.0,658.0,607.0,445.0,901.0,40.6,免费评估
807,University of Memphis,United States,1037.0,1126.0,1043.0,658.0,607.0,445.0,901.0,40.6,免费评估
810,University of Arkansas Medical Sciences,United States,1037.0,1126.0,1043.0,658.0,607.0,445.0,901.0,40.6,免费评估
810,University of Poitiers,France,652.0,796.0,740.0,824.0,676.0,766.0,756.0,40.3,免费评估
812,University of Nebraska Omaha,United States,652.0,796.0,740.0,824.0,676.0,766.0,756.0,40.3,免费评估
813,Konkuk University,South Korea,652.0,796.0,740.0,824.0,676.0,766.0,756.0,40.3,免费评估
813,Kumamoto University,Japan,652.0,796.0,740.0,824.0,676.0,766.0,756.0,40.3,免费评估
813,Sejong University,South Korea,652.0,796.0,740.0,824.0,676.0,766.0,756.0,40.3,免费评估
816,North China Electric Power University,China,652.0,796.0,740.0,824.0,676.0,766.0,756.0,40.3,免费评估
816,San Francisco State University,United States,652.0,796.0,740.0,824.0,676.0,766.0,756.0,40.3,免费评估
816,Southern Illinois University--Carbondale,United States,652.0,796.0,740.0,824.0,676.0,766.0,756.0,40.3,免费评估
816,University of Francois Rabelais - Tours,France,652.0,796.0,740.0,824.0,676.0,766.0,756.0,40.3,免费评估
820,Ferdowsi University Mashhad,Iran,652.0,796.0,740.0,824.0,676.0,766.0,756.0,40.3,免费评估
820,Orebro University,Sweden,1172.0,1134.0,946.0,575.0,1033.0,178.0,728.0,39.9,免费评估
820,University of Angers,France,1172.0,1134.0,946.0,575.0,1033.0,178.0,728.0,39.9,免费评估
823,National University of Cordoba,Argentina,1172.0,1134.0,946.0,575.0,1033.0,178.0,728.0,39.9,免费评估
824,Manchester Metropolitan University,United Kingdom,1172.0,1134.0,946.0,575.0,1033.0,178.0,728.0,39.9,免费评估
824,瑞尔森大学Ryerson University,Canada,1172.0,1134.0,946.0,575.0,1033.0,178.0,728.0,39.9,免费评估
826,Aga Khan University,Pakistan,1172.0,1134.0,946.0,575.0,1033.0,178.0,728.0,39.9,免费评估
826,Nanjing University of Science & Technology,China,1172.0,1134.0,946.0,575.0,1033.0,178.0,728.0,39.9,免费评估
826,North West University - South Africa,South Africa,1172.0,1134.0,946.0,575.0,1033.0,178.0,728.0,39.9,免费评估
829,Assiut University,Egypt,1172.0,1134.0,946.0,575.0,1033.0,178.0,728.0,39.9,免费评估
829,Suleyman Demirel University,Turkey,1172.0,1134.0,946.0,575.0,1033.0,178.0,728.0,39.9,免费评估
831,Gaziantep University,Turkey,961.0,878.0,1016.0,988.0,1136.0,714.0,961.0,39.4,免费评估
831,布莱顿大学University of Brighton,United Kingdom,961.0,878.0,1016.0,988.0,1136.0,714.0,961.0,39.4,免费评估
831,University of Caen,France,961.0,878.0,1016.0,988.0,1136.0,714.0,961.0,39.4,免费评估
831,University of Hyderabad,India,961.0,878.0,1016.0,988.0,1136.0,714.0,961.0,39.4,免费评估
831,University of Veterinary Medicine Vienna,Austria,961.0,878.0,1016.0,988.0,1136.0,714.0,961.0,39.4,免费评估
831,Wroclaw University of Technology,Poland,961.0,878.0,1016.0,988.0,1136.0,714.0,961.0,39.4,免费评估
831,Yeungnam University,South Korea,961.0,878.0,1016.0,988.0,1136.0,714.0,961.0,39.4,免费评估
838,Gaziosmanpasa University,Turkey,961.0,878.0,1016.0,988.0,1136.0,714.0,961.0,39.4,免费评估
838,University of Limerick,Ireland,961.0,878.0,1016.0,988.0,1136.0,714.0,961.0,39.4,免费评估
838,University of Sassari,Italy,961.0,878.0,1016.0,988.0,1136.0,714.0,961.0,39.4,免费评估
841,Ajou University,South Korea,772.0,637.0,593.0,925.0,697.0,956.0,695.0,39.2,免费评估
841,Chiang Mai University,Thailand,772.0,637.0,593.0,925.0,697.0,956.0,695.0,39.2,免费评估
841,Chungnam National University,South Korea,772.0,637.0,593.0,925.0,697.0,956.0,695.0,39.2,免费评估
841,National Chung Hsing University,Taiwan,772.0,637.0,593.0,925.0,697.0,956.0,695.0,39.2,免费评估
845,Beijing University of Posts,China,772.0,637.0,593.0,925.0,697.0,956.0,695.0,39.2,免费评估
845,Universidade Federal da Bahia,Brazil,772.0,637.0,593.0,925.0,697.0,956.0,695.0,39.2,免费评估
847,Nanjing Medical University,China,772.0,637.0,593.0,925.0,697.0,956.0,695.0,39.2,免费评估
847,National University of Defence Technology - China,China,772.0,637.0,593.0,925.0,697.0,956.0,695.0,39.2,免费评估
847,Universidade Federal Fluminense,Brazil,772.0,637.0,593.0,925.0,697.0,956.0,695.0,39.2,免费评估
850,National Taiwan Normal University,Taiwan,772.0,637.0,593.0,925.0,697.0,956.0,695.0,39.2,免费评估
850,Northeast Normal University - China,China,1053.0,1068.0,663.0,925.0,611.0,648.0,658.0,38.9,免费评估
850,Universidad de Alcala,Spain,1053.0,1068.0,663.0,925.0,611.0,648.0,658.0,38.9,免费评估
850,University of South Bohemia Ceske Budejovice,Czech Republic,1053.0,1068.0,663.0,925.0,611.0,648.0,658.0,38.9,免费评估
854,查尔斯特大学Charles Sturt University,Australia,1053.0,1068.0,663.0,925.0,611.0,648.0,658.0,38.9,免费评估
854,Universidad de Antioquia,Colombia,1053.0,1068.0,663.0,925.0,611.0,648.0,658.0,38.9,免费评估
856,Mansoura University,Egypt,1053.0,1068.0,663.0,925.0,611.0,648.0,658.0,38.9,免费评估
856,Universidad de Malaga,Spain,1053.0,1068.0,663.0,925.0,611.0,648.0,658.0,38.9,免费评估
856,Universidad Nacional de Colombia,Colombia,1053.0,1068.0,663.0,925.0,611.0,648.0,658.0,38.9,免费评估
856,Xidian University,China,1053.0,1068.0,663.0,925.0,611.0,648.0,658.0,38.9,免费评估
860,Nara Institute of Science,Japan,1053.0,1068.0,663.0,925.0,611.0,648.0,658.0,38.9,免费评估
861,Budapest University of Technology & Economics,Hungary,578.0,374.0,749.0,575.0,249.0,1030.0,885.0,38.5,免费评估
862,Nanjing Normal University,China,578.0,374.0,749.0,575.0,249.0,1030.0,885.0,38.5,免费评估
862,University of Insubria,Italy,578.0,374.0,749.0,575.0,249.0,1030.0,885.0,38.5,免费评估
864,Tokai University,Japan,578.0,374.0,749.0,575.0,249.0,1030.0,885.0,38.5,免费评估
864,University of Rouen,France,578.0,374.0,749.0,575.0,249.0,1030.0,885.0,38.5,免费评估
866,Mohammed V University,Morocco,578.0,374.0,749.0,575.0,249.0,1030.0,885.0,38.5,免费评估
866,Nagasaki University,Japan,578.0,374.0,749.0,575.0,249.0,1030.0,885.0,38.5,免费评估
866,University of Texas El Paso,United States,578.0,374.0,749.0,575.0,249.0,1030.0,885.0,38.5,免费评估
869,Beijing University of Technology,China,578.0,374.0,749.0,575.0,249.0,1030.0,885.0,38.5,免费评估
869,University of Messina,Italy,578.0,374.0,749.0,575.0,249.0,1030.0,885.0,38.5,免费评估
871,Chung Ang University,South Korea,742.0,753.0,471.0,879.0,741.0,1003.0,596.0,38.0,免费评估
871,Harbin Engineering University,China,742.0,753.0,471.0,879.0,741.0,1003.0,596.0,38.0,免费评估
871,Hunter College (CUNY),United States,742.0,753.0,471.0,879.0,741.0,1003.0,596.0,38.0,免费评估
871,Shanghai Normal University,China,742.0,753.0,471.0,879.0,741.0,1003.0,596.0,38.0,免费评估
875,Jean Monnet University,France,742.0,753.0,471.0,879.0,741.0,1003.0,596.0,38.0,免费评估
875,North Dakota State University Fargo,United States,742.0,753.0,471.0,879.0,741.0,1003.0,596.0,38.0,免费评估
875,Technische Universitat Chemnitz,Germany,742.0,753.0,471.0,879.0,741.0,1003.0,596.0,38.0,免费评估
875,Zhengzhou University,China,742.0,753.0,471.0,879.0,741.0,1003.0,596.0,38.0,免费评估
879,Universidade Federal do Ceara,Brazil,742.0,753.0,471.0,879.0,741.0,1003.0,596.0,38.0,免费评估
880,Catholic University of Korea,South Korea,742.0,753.0,471.0,879.0,741.0,1003.0,596.0,38.0,免费评估
880,Ehime University,Japan,765.0,833.0,725.0,879.0,878.0,1019.0,846.0,37.7,免费评估
880,Northwest A&F University - China,China,765.0,833.0,725.0,879.0,878.0,1019.0,846.0,37.7,免费评估
880,Royal College of Surgeons in Ireland,Ireland,765.0,833.0,725.0,879.0,878.0,1019.0,846.0,37.7,免费评估
880,South China Normal University,China,765.0,833.0,725.0,879.0,878.0,1019.0,846.0,37.7,免费评估
880,Southwest Jiaotong University,China,765.0,833.0,725.0,879.0,878.0,1019.0,846.0,37.7,免费评估
880,Universidade do Algarve,Portugal,765.0,833.0,725.0,879.0,878.0,1019.0,846.0,37.7,免费评估
880,University Campus Bio-Medico - Rome Italy,Italy,765.0,833.0,725.0,879.0,878.0,1019.0,846.0,37.7,免费评估
888,Marmara University,Turkey,765.0,833.0,725.0,879.0,878.0,1019.0,846.0,37.7,免费评估
889,Juntendo University,Japan,765.0,833.0,725.0,879.0,878.0,1019.0,846.0,37.7,免费评估
889,Kochi University,Japan,765.0,833.0,725.0,879.0,878.0,1019.0,846.0,37.7,免费评估
889,Loma Linda University,United States,838.0,1029.0,988.0,788.0,1197.0,623.0,922.0,37.5,免费评估
892,Uniformed Services University of the Health Sciences - USA,United States,838.0,1029.0,988.0,788.0,1197.0,623.0,922.0,37.5,免费评估
892,纽布伦斯威克大学University of New Brunswick,Canada,838.0,1029.0,988.0,788.0,1197.0,623.0,922.0,37.5,免费评估
894,Indian Institute of Technology (IIT) - Guwahati,India,838.0,1029.0,988.0,788.0,1197.0,623.0,922.0,37.5,免费评估
894,University of Pavol Jozef Safarik Kosice,Slovakia,838.0,1029.0,988.0,788.0,1197.0,623.0,922.0,37.5,免费评估
896,Ecole Normale Superieure (ENS) Cachan,France,838.0,1029.0,988.0,788.0,1197.0,623.0,922.0,37.5,免费评估
896,Hohai University,China,838.0,1029.0,988.0,788.0,1197.0,623.0,922.0,37.5,免费评估
896,南十字星大学Southern Cross University,Australia,838.0,1029.0,988.0,788.0,1197.0,623.0,922.0,37.5,免费评估
896,Tokyo University of Agriculture,Japan,838.0,1029.0,988.0,788.0,1197.0,623.0,922.0,37.5,免费评估
900,Rhodes University,South Africa,838.0,1029.0,988.0,788.0,1197.0,623.0,922.0,37.5,免费评估
900,Universita Ca Foscari Venezia,Italy,790.0,808.0,1179.0,557.0,922.0,655.0,1070.0,37.0,免费评估
902,Kagoshima University,Japan,,,,,,,,,免费评估
902,University of Namur,Belgium,991.0,1093.0,1193.0,824.0,1004.0,602.0,1051.0,36.9,免费评估
904,Chungbuk National University,South Korea,,,,,,,,,免费评估
904,Kaohsiung Medical University,Taiwan,831.0,867.0,534.0,1077.0,1189.0,941.0,644.0,36.8,免费评估
904,Tallinn University of Technology,Estonia,,,,,,,,,免费评估
904,Universitat de Lleida,Spain,989.0,1093.0,1034.0,1077.0,955.0,547.0,930.0,36.8,免费评估
908,中央兰开夏大学university of central lancashire,United Kingdom,,,,,,,,,免费评估
909,Pukyong National University,South Korea,910.0,915.0,758.0,729.0,934.0,1115.0,936.0,36.6,免费评估
909,University of Calcutta,India,,,,,,,,,免费评估
911,Nicolaus Copernicus University,Poland,1024.0,679.0,743.0,879.0,698.0,1059.0,893.0,36.5,免费评估
911,Shahid Beheshti University Medical Sciences,Iran,,,,,,,,,免费评估
911,University of Castilla-La Mancha,Spain,994.0,922.0,647.0,630.0,526.0,855.0,697.0,36.5,免费评估
911,University of Electro-Communications - Japan,Japan,,,,,,,,,免费评估
911,University of North Dakota Grand Forks,United States,871.0,1056.0,1096.0,544.0,878.0,697.0,1013.0,36.5,免费评估
916,Universidade Federal de Pelotas,Brazil,,,,,,,,,免费评估
917,Florida Atlantic University,United States,842.0,942.0,983.0,426.0,780.0,825.0,971.0,36.3,免费评估
917,University of Lodz,Poland,,,,,,,,,免费评估
917,University of North Carolina Greensboro,United States,914.0,930.0,981.0,499.0,1098.0,529.0,882.0,36.3,免费评估
917,University of Toyama,Japan,,,,,,,,,免费评估
921,Medical University Warsaw,Poland,997.0,543.0,835.0,824.0,1127.0,941.0,917.0,36.2,免费评估
921,牛津布鲁克斯大学Oxford Brookes University,United Kingdom,997.0,543.0,835.0,824.0,1127.0,941.0,917.0,36.2,免费评估
921,布拉德福德大学University of Bradford,United Kingdom,997.0,543.0,835.0,824.0,1127.0,941.0,917.0,36.2,免费评估
921,University of Silesia,Poland,997.0,543.0,835.0,824.0,1127.0,941.0,917.0,36.2,免费评估
925,美利坚大学American University,United States,997.0,543.0,835.0,824.0,1127.0,941.0,917.0,36.2,免费评估
925,Taipei Medical University,Taiwan,997.0,543.0,835.0,824.0,1127.0,941.0,917.0,36.2,免费评估
925,Tianjin Medical University,China,997.0,543.0,835.0,824.0,1127.0,941.0,917.0,36.2,免费评估
928,Kasetsart University,Thailand,997.0,543.0,835.0,824.0,1127.0,941.0,917.0,36.2,免费评估
929,National Taiwan Ocean University,Taiwan,997.0,543.0,835.0,824.0,1127.0,941.0,917.0,36.2,免费评估
930,Sogang University,South Korea,997.0,543.0,835.0,824.0,1127.0,941.0,917.0,36.2,免费评估
930,Universidad Rey Juan Carlos,Spain,1107.0,922.0,888.0,824.0,758.0,752.0,873.0,35.8,免费评估
930,University of Pune,India,1107.0,922.0,888.0,824.0,758.0,752.0,873.0,35.8,免费评估
933,East Carolina University,United States,1107.0,922.0,888.0,824.0,758.0,752.0,873.0,35.8,免费评估
933,Erciyes University,Turkey,1107.0,922.0,888.0,824.0,758.0,752.0,873.0,35.8,免费评估
933,Prince Songkla University,Thailand,1107.0,922.0,888.0,824.0,758.0,752.0,873.0,35.8,免费评估
933,Universidad de Valladolid,Spain,1107.0,922.0,888.0,824.0,758.0,752.0,873.0,35.8,免费评估
933,Universite Perpignan Via Domitia,France,1107.0,922.0,888.0,824.0,758.0,752.0,873.0,35.8,免费评估
938,China Medical University,China,1107.0,922.0,888.0,824.0,758.0,752.0,873.0,35.8,免费评估
938,Kinki University (Kindai University),Japan,1107.0,922.0,888.0,824.0,758.0,752.0,873.0,35.8,免费评估
938,Nihon University,Japan,1107.0,922.0,888.0,824.0,758.0,752.0,873.0,35.8,免费评估
938,Tomsk State University,Russia,418.0,340.0,1161.0,1077.0,708.0,1178.0,1220.0,35.6,免费评估
942,Dokuz Eylul University,Turkey,418.0,340.0,1161.0,1077.0,708.0,1178.0,1220.0,35.6,免费评估
943,Xiangtan University,China,418.0,340.0,1161.0,1077.0,708.0,1178.0,1220.0,35.6,免费评估
944,Anna University Chennai,India,418.0,340.0,1161.0,1077.0,708.0,1178.0,1220.0,35.6,免费评估
944,Nanjing University of Technology,China,418.0,340.0,1161.0,1077.0,708.0,1178.0,1220.0,35.6,免费评估
944,Universidad de Extremadura,Spain,418.0,340.0,1161.0,1077.0,708.0,1178.0,1220.0,35.6,免费评估
944,University of Gdansk,Poland,418.0,340.0,1161.0,1077.0,708.0,1178.0,1220.0,35.6,免费评估
948,Jinan University,China,418.0,340.0,1161.0,1077.0,708.0,1178.0,1220.0,35.6,免费评估
948,Khon Kaen University,Thailand,418.0,340.0,1161.0,1077.0,708.0,1178.0,1220.0,35.6,免费评估
948,Lulea University of Technology,Sweden,418.0,340.0,1161.0,1077.0,708.0,1178.0,1220.0,35.6,免费评估
948,Oakland University,United States,860.0,1130.0,1086.0,591.0,843.0,714.0,1008.0,35.2,免费评估
948,Qingdao University,China,860.0,1130.0,1086.0,591.0,843.0,714.0,1008.0,35.2,免费评估
948,Seconda Universita degli Studi di Napoli,Italy,860.0,1130.0,1086.0,591.0,843.0,714.0,1008.0,35.2,免费评估
948,Universite de Tunis-El-Manar,Tunisia,860.0,1130.0,1086.0,591.0,843.0,714.0,1008.0,35.2,免费评估
955,University of Pecs,Hungary,860.0,1130.0,1086.0,591.0,843.0,714.0,1008.0,35.2,免费评估
956,Tokyo Medical University,Japan,860.0,1130.0,1086.0,591.0,843.0,714.0,1008.0,35.2,免费评估
956,Universite de Sfax,Tunisia,860.0,1130.0,1086.0,591.0,843.0,714.0,1008.0,35.2,免费评估
956,温莎大学University of Windsor,Canada,860.0,1130.0,1086.0,591.0,843.0,714.0,1008.0,35.2,免费评估
959,Al Azhar University,Egypt,860.0,1130.0,1086.0,591.0,843.0,714.0,1008.0,35.2,免费评估
959,莱斯布里奇大学University of Lethbridge,Canada,860.0,1130.0,1086.0,591.0,843.0,714.0,1008.0,35.2,免费评估
959,University of Massachusetts Lowell,United States,800.0,1130.0,1123.0,385.0,682.0,752.0,1056.0,34.9,免费评估
962,Jawaharlal Nehru University,India,800.0,1130.0,1123.0,385.0,682.0,752.0,1056.0,34.9,免费评估
962,South China Agricultural University,China,800.0,1130.0,1123.0,385.0,682.0,752.0,1056.0,34.9,免费评估
962,Universidad Miguel Hernandez de Elche,Spain,800.0,1130.0,1123.0,385.0,682.0,752.0,1056.0,34.9,免费评估
965,Catholic University of America,United States,800.0,1130.0,1123.0,385.0,682.0,752.0,1056.0,34.9,免费评估
965,University of Thessaly,Greece,800.0,1130.0,1123.0,385.0,682.0,752.0,1056.0,34.9,免费评估
967,Third Military Medical University,China,800.0,1130.0,1123.0,385.0,682.0,752.0,1056.0,34.9,免费评估
967,Yokohama City University,Japan,800.0,1130.0,1123.0,385.0,682.0,752.0,1056.0,34.9,免费评估
969,Addis Ababa University,Ethiopia,800.0,1130.0,1123.0,385.0,682.0,752.0,1056.0,34.9,免费评估
969,Asia University Taiwan,Taiwan,800.0,1130.0,1123.0,385.0,682.0,752.0,1056.0,34.9,免费评估
969,Second Military Medical University,China,1183.0,979.0,472.0,1077.0,1181.0,787.0,516.0,34.5,免费评估
972,Shanxi University,China,1183.0,979.0,472.0,1077.0,1181.0,787.0,516.0,34.5,免费评估
972,索尔福德大学University of Salford,United Kingdom,1183.0,979.0,472.0,1077.0,1181.0,787.0,516.0,34.5,免费评估
974,布鲁克大学Brock University,Canada,1183.0,979.0,472.0,1077.0,1181.0,787.0,516.0,34.5,免费评估
974,Universidad de Cordoba,Spain,1183.0,979.0,472.0,1077.0,1181.0,787.0,516.0,34.5,免费评估
974,Kuwait University,Kuwait,1183.0,979.0,472.0,1077.0,1181.0,787.0,516.0,34.5,免费评估
977,Bowling Green State University,United States,1183.0,979.0,472.0,1077.0,1181.0,787.0,516.0,34.5,免费评估
977,Brno University of Technology,Czech Republic,1183.0,979.0,472.0,1077.0,1181.0,787.0,516.0,34.5,免费评估
977,Jiangsu University,China,1183.0,979.0,472.0,1077.0,1181.0,787.0,516.0,34.5,免费评估
977,Shenzhen University,China,1183.0,979.0,472.0,1077.0,1181.0,787.0,516.0,34.5,免费评估
981,Yamagata University,Japan,1030.0,1042.0,827.0,988.0,807.0,1003.0,935.0,34.1,免费评估
982,Chongqing Medical University,China,1030.0,1042.0,827.0,988.0,807.0,1003.0,935.0,34.1,免费评估
982,Tokushima University,Japan,1030.0,1042.0,827.0,988.0,807.0,1003.0,935.0,34.1,免费评估
982,Universidad de Jaen,Spain,1030.0,1042.0,827.0,988.0,807.0,1003.0,935.0,34.1,免费评估
985,China University of Mining,China,1030.0,1042.0,827.0,988.0,807.0,1003.0,935.0,34.1,免费评估
985,Gifu University,Japan,1030.0,1042.0,827.0,988.0,807.0,1003.0,935.0,34.1,免费评估
985,National University of Rosario,Argentina,1030.0,1042.0,827.0,988.0,807.0,1003.0,935.0,34.1,免费评估
985,Tokyo Women's Medical University,Japan,1030.0,1042.0,827.0,988.0,807.0,1003.0,935.0,34.1,免费评估
985,Universidad Austral de Chile,Chile,1030.0,1042.0,827.0,988.0,807.0,1003.0,935.0,34.1,免费评估
985,Universidad de Las Palmas de Gran Canaria,Spain,1030.0,1042.0,827.0,988.0,807.0,1003.0,935.0,34.1,免费评估
991,Sultan Qaboos University,Oman,757.0,582.0,1108.0,751.0,811.0,1067.0,1159.0,33.8,免费评估
992,Akdeniz University,Turkey,757.0,582.0,1108.0,751.0,811.0,1067.0,1159.0,33.8,免费评估
993,Federal University of Vicosa,Brazil,757.0,582.0,1108.0,751.0,811.0,1067.0,1159.0,33.8,免费评估
993,Universidad Pablo de Olavide,Spain,757.0,582.0,1108.0,751.0,811.0,1067.0,1159.0,33.8,免费评估
993,University of Ibadan,Nigeria,757.0,582.0,1108.0,751.0,811.0,1067.0,1159.0,33.8,免费评估
996,Alexandru Ioan Cuza University,Romania,757.0,582.0,1108.0,751.0,811.0,1067.0,1159.0,33.8,免费评估
996,Central School of Lyon,France,757.0,582.0,1108.0,751.0,811.0,1067.0,1159.0,33.8,免费评估
996,诺森比亚大学Northumbria University,United Kingdom,757.0,582.0,1108.0,751.0,811.0,1067.0,1159.0,33.8,免费评估
996,Osaka Prefecture University,Japan,757.0,582.0,1108.0,751.0,811.0,1067.0,1159.0,33.8,免费评估
1000,Medical University Gdansk,Poland,757.0,582.0,1108.0,751.0,811.0,1067.0,1159.0,33.8,免费评估
